sub_id,query_id,dataset,op_count_filter,op_count_join,op_count_traversal,op_count_aggregate,op_count_map,ast_depth,has_traversal,max_hops,input_cardinality_log,output_cardinality_log,selectivity,avg_degree,max_degree,degree_skew,num_projected_columns,has_index,join_fanout,estimated_shuffle_bytes_log,estimated_traversal_ops,hist_avg_runtime_ms,hist_runtime_variance,num_tables_joined,sql_median_ms,sql_std_ms,graph_median_ms,graph_std_ms,speedup,label,label_source,sql_status,graph_status,sql_failures,graph_failures,fallback_applied,fallback_reason,semantic_penalty,source_row_id,resampled
sub_1_r0,q_snb_real_0014,snb_real_queries,0.0,0.0,0.0,1.0,0.0,1.0,0.0,0.0,3.8555190563201904,3.8555190563201904,1.0,0.0,0.0,0.0,2.0,0.0,1.0,5.059582233428955,0.0,-1.0,-1.0,1.0,461.27,67.24,1383.81,0.0,0.333,SQL,real_measurement,ok,not_applicable_penalized,0,0,0,none,0,2fe46fa4911c3d29d1d2cc5951aaae5f69422724f3c31730957df48f71cb9deb,0
sub_1_r0,q_snb_expand_h3_0067,snb_real_queries,0.0,0.0,0.0,1.0,0.0,1.0,0.0,0.0,3.8555190563201904,3.8555190563201904,1.0,0.0,0.0,0.0,2.0,0.0,1.0,5.059582233428955,0.0,-1.0,-1.0,1.0,316.19,12.12,948.57,0.0,0.333,SQL,real_measurement,ok,not_applicable_penalized,0,0,0,none,0,0cfb43b7a2ed3fb2d062e2eca4d4a1ab7057b88bfbeec64a6c7569641c108f13,0
sub_1_r0,q_snb_expand_h3_0063,snb_real_queries,0.0,0.0,0.0,1.0,0.0,1.0,0.0,0.0,3.8555190563201904,3.8555190563201904,1.0,0.0,0.0,0.0,2.0,0.0,1.0,5.059582233428955,0.0,-1.0,-1.0,1.0,440.66,51.3,1321.98,0.0,0.333,SQL,real_measurement,ok,not_applicable_penalized,0,0,0,none,0,ba73ba9b578b576681ddebf2780f881e39bed96fb5c095d6699e01f763eea0d3,0
sub_1_r0,q_ogb_real_0020,ogb_real_queries,0.0,0.0,0.0,1.0,0.0,1.0,0.0,0.0,3.8555190563201904,3.8555190563201904,1.0,0.0,0.0,0.0,2.0,0.0,1.0,5.059582233428955,0.0,-1.0,-1.0,1.0,24749.52,0.0,74248.56,0.0,0.333,SQL,real_measurement,ok,not_applicable_penalized,0,0,0,none,0,e9c493b1ae329c90fe69f239a0fd57ba86d8cf9ac86d8ee016a172201b55b867,0
sub_1_r0,q_snb_expand_h3_0061,snb_real_queries,0.0,0.0,0.0,1.0,0.0,1.0,0.0,0.0,3.8555190563201904,3.8555190563201904,1.0,0.0,0.0,0.0,2.0,0.0,1.0,5.059582233428955,0.0,-1.0,-1.0,1.0,167.63,0.92,502.89,0.0,0.333,SQL,real_measurement,ok,not_applicable_penalized,0,0,0,none,0,d2c1a8c8b7b26b3721922151c2896a8032d7d11bdacd7837a2b5959c256b66bc,0
sub_0_r0,q_snb_expand_h3_0082,snb_real_queries,0.0,0.0,1.0,0.0,0.0,1.0,1.0,2.0,3.1872386932373047,0.3010300099849701,0.0010000000474974,23.58257484436035,391.0,1.3573168516159058,1.0,0.0,1.0,0.9542425274848938,556.1378173828125,-1.0,-1.0,1.0,186.21,27.13,71.64,3.71,2.599,GRAPH,real_measurement,ok,ok,0,0,0,none,0,f0bdd52d2d351681c6ff74fe1ce28c3c05ca9569c250980f658bbda10b009790,1
sub_0_r0,q_snb_expand_h3_0029,snb_real_queries,0.0,0.0,1.0,0.0,0.0,1.0,1.0,2.0,3.1872386932373047,0.3010300099849701,0.0010000000474974,23.58257484436035,391.0,1.3573168516159058,1.0,0.0,1.0,0.9542425274848938,556.1378173828125,-1.0,-1.0,1.0,182.06,7.61,138.66,11.73,1.313,GRAPH,real_measurement,ok,ok,0,0,0,none,0,8b7946e3fdc7543c3e8a78392e8413f524e830098ff935fb95fb702d512dfb52,1
sub_1_r0,q_ogb_real_0004,ogb_real_queries,0.0,0.0,0.0,1.0,0.0,1.0,0.0,0.0,3.8555190563201904,3.8555190563201904,1.0,0.0,0.0,0.0,2.0,0.0,1.0,5.059582233428955,0.0,-1.0,-1.0,1.0,123756.57,0.0,371269.71,0.0,0.333,SQL,real_measurement,ok,not_applicable_penalized,0,0,0,none,0,a7a9f1e42ed6e94859cae149ac4c6bda87427e3b609550c3b14b62e8b908234f,0
sub_1_r0,q_snb_expand_h3_0068,snb_real_queries,0.0,0.0,0.0,1.0,0.0,1.0,0.0,0.0,3.8555190563201904,3.8555190563201904,1.0,0.0,0.0,0.0,2.0,0.0,1.0,5.059582233428955,0.0,-1.0,-1.0,1.0,340.9,9.34,1022.7,0.0,0.333,SQL,real_measurement,ok,not_applicable_penalized,0,0,0,none,0,164f0ce294ca3297dbfffd826470cc31bb0194f3ce58744243107f2c92468b86,0
sub_0_r0,q_snb_expand_h3_0034,snb_real_queries,0.0,0.0,1.0,0.0,0.0,1.0,1.0,2.0,3.1872386932373047,0.3010300099849701,0.0010000000474974,23.58257484436035,391.0,1.3573168516159058,1.0,0.0,1.0,0.9542425274848938,556.1378173828125,-1.0,-1.0,1.0,183.55,16.69,94.69,14.25,1.938,GRAPH,real_measurement,ok,ok,0,0,0,none,0,47774bf290cf65914f744f94a98cdc6bc234091b56fde1548cc3fe140cf6c49a,1
sub_1_r0,q_snb_expand_h3_0017,snb_real_queries,0.0,0.0,0.0,1.0,0.0,1.0,0.0,0.0,3.8555190563201904,3.8555190563201904,1.0,0.0,0.0,0.0,2.0,0.0,1.0,5.059582233428955,0.0,-1.0,-1.0,1.0,213.24,22.75,639.72,0.0,0.333,SQL,real_measurement,ok,not_applicable_penalized,0,0,0,none,0,598c5758ea2309832d9811e8f96d9a9de6383699f97401ea7b52757556d5d79f,0
sub_0_r0,q_snb_expand_h3_0076,snb_real_queries,0.0,0.0,1.0,0.0,0.0,1.0,1.0,3.0,3.1872386932373047,0.3010300099849701,0.0010000000474974,23.58257484436035,391.0,1.3573168516159058,1.0,0.0,1.0,0.9542425274848938,13115.162109375,-1.0,-1.0,1.0,249.19,41.8,68.03,1.12,3.663,GRAPH,real_measurement,ok,ok,0,0,0,none,0,7fd9a35c562b894bbd6a54cea13a643c1bffa23e535c0b4e789beb18538323c7,1
sub_1_r0,q_ogb_real_0032,ogb_real_queries,0.0,0.0,0.0,1.0,0.0,1.0,0.0,0.0,3.8555190563201904,3.8555190563201904,1.0,0.0,0.0,0.0,2.0,0.0,1.0,5.059582233428955,0.0,-1.0,-1.0,1.0,28247.52,0.0,84742.56,0.0,0.333,SQL,real_measurement,ok,not_applicable_penalized,0,0,0,none,0,f289b3d7dc23129736f435eedf4aebbca1832ca801f4e6660c1fc20330a372f2,0
sub_0_r0,q_ogb_real_0056,ogb_real_queries,0.0,0.0,1.0,0.0,0.0,1.0,1.0,3.0,5.1815690994262695,2.1818435192108154,0.0010000000474974,7.677550792694092,436.0,1.1782097816467283,1.0,0.0,1.0,3.082426309585572,68335.2890625,-1.0,-1.0,1.0,13708.45,0.0,171.47,0.0,79.947,GRAPH,real_measurement,ok,ok,0,0,0,none,0,f85816bd0f7f3e29b8b7389dbfb29bdffc701c893299a390fb5af16c6ee3ea7d,1
sub_1_r0,q_snb_expand_h3_0027,snb_real_queries,0.0,0.0,0.0,1.0,0.0,1.0,0.0,0.0,3.8555190563201904,3.8555190563201904,1.0,0.0,0.0,0.0,2.0,0.0,1.0,5.059582233428955,0.0,-1.0,-1.0,1.0,5750.47,364.78,17251.41,0.0,0.333,SQL,real_measurement,ok,not_applicable_penalized,0,0,0,none,0,f0163cc051521f208fbb4c15b4c6a02baa44e194a98b599670e00d0e2bc0f5a6,0
sub_0_r0,q_ogb_real_0007,ogb_real_queries,0.0,0.0,1.0,0.0,0.0,1.0,1.0,3.0,5.1815690994262695,2.1818435192108154,0.0010000000474974,7.677550792694092,436.0,1.1782097816467283,1.0,0.0,1.0,3.082426309585572,68335.2890625,-1.0,-1.0,1.0,4786.5,0.0,393.44,0.0,12.166,GRAPH,real_measurement,ok,ok,0,0,0,none,0,2c5a3e99c6d742ddea40d461757cfb02922f4c64790397e2959301a0d5df9f08,1
sub_0_r0,q_snb_expand_h3_0053,snb_real_queries,0.0,0.0,1.0,0.0,0.0,1.0,1.0,2.0,3.1872386932373047,0.3010300099849701,0.0010000000474974,23.58257484436035,391.0,1.3573168516159058,1.0,0.0,1.0,0.9542425274848938,556.1378173828125,-1.0,-1.0,1.0,190.97,25.69,105.25,5.15,1.814,GRAPH,real_measurement,ok,ok,0,0,0,none,0,7cf7a4f23d1d8098e9f50c305cfdeca39afeb3be24f7dd99afc7255d6df0be38,1
sub_1_r0,q_snb_real_0034,snb_real_queries,0.0,0.0,0.0,1.0,0.0,1.0,0.0,0.0,3.8555190563201904,3.8555190563201904,1.0,0.0,0.0,0.0,2.0,0.0,1.0,5.059582233428955,0.0,-1.0,-1.0,1.0,192.38,0.0,577.14,0.0,0.333,SQL,real_measurement,ok,not_applicable_penalized,0,0,0,none,0,21bb51a78ff004cb302677d7742d9baa339e8037540b6f24c17be958ee019864,0
sub_0_r0,q_snb_expand_h3_0025,snb_real_queries,0.0,0.0,1.0,0.0,0.0,1.0,1.0,2.0,3.1872386932373047,0.3010300099849701,0.0010000000474974,23.58257484436035,391.0,1.3573168516159058,1.0,0.0,1.0,0.9542425274848938,556.1378173828125,-1.0,-1.0,1.0,1556.62,60.45,277.83,28.78,5.603,GRAPH,real_measurement,ok,ok,0,0,0,none,0,2bddc7bb437449b1a6b8354cc44d7454f54f99c251307d85bf39ff22bed07f81,1
sub_0_r0,q_snb_real_0036,snb_real_queries,0.0,0.0,1.0,0.0,0.0,1.0,1.0,3.0,3.1872386932373047,0.3010300099849701,0.0010000000474974,23.58257484436035,391.0,1.3573168516159058,1.0,0.0,1.0,0.9542425274848938,13115.162109375,-1.0,-1.0,1.0,198.93,0.0,62.49,0.0,3.183,GRAPH,real_measurement,ok,ok,0,0,0,none,0,abe7d110446aff956af622e3cd686b97e780cbafbb774ea4dcd0815fc7fe323e,1
sub_0_r0,q_ogb_real_0002,ogb_real_queries,0.0,0.0,1.0,0.0,0.0,1.0,1.0,3.0,5.1815690994262695,2.1818435192108154,0.0010000000474974,7.677550792694092,436.0,1.1782097816467283,1.0,0.0,1.0,3.082426309585572,68335.2890625,-1.0,-1.0,1.0,19591.44,0.0,512.79,0.0,38.206,GRAPH,real_measurement,ok,ok,0,0,0,none,0,27c2556e79cc8b72b498ffc6ef01e42b96fe0eac9562578618b3947375d58869,1
sub_1_r0,q_snb_expand_h3_0085,snb_real_queries,0.0,0.0,0.0,1.0,0.0,1.0,0.0,0.0,3.8555190563201904,3.8555190563201904,1.0,0.0,0.0,0.0,2.0,0.0,1.0,5.059582233428955,0.0,-1.0,-1.0,1.0,495.98,175.72,1487.94,0.0,0.333,SQL,real_measurement,ok,not_applicable_penalized,0,0,0,none,0,2614c27cb0b9178e92054ed5c7a90af1b3d4dfff9c0ceed65084936069a4baa4,0
sub_0_r0,q_snb_expand_h3_0037,snb_real_queries,0.0,0.0,1.0,0.0,0.0,1.0,1.0,2.0,3.1872386932373047,0.3010300099849701,0.0010000000474974,23.58257484436035,391.0,1.3573168516159058,1.0,0.0,1.0,0.9542425274848938,556.1378173828125,-1.0,-1.0,1.0,169.79,21.28,110.13,12.3,1.542,GRAPH,real_measurement,ok,ok,0,0,0,none,0,5832861ce14f027e8c4ba913caf3552f3f2257a8d6d87fc4132ade56f6b0b865,1
sub_1_r0,q_snb_expand_h3_0021,snb_real_queries,0.0,0.0,0.0,1.0,0.0,1.0,0.0,0.0,3.8555190563201904,3.8555190563201904,1.0,0.0,0.0,0.0,2.0,0.0,1.0,5.059582233428955,0.0,-1.0,-1.0,1.0,338.8,42.92,1016.4,0.0,0.333,SQL,real_measurement,ok,not_applicable_penalized,0,0,0,none,0,4075a32b195dc072cbd454350b83f53f7251d2b2093b32c81fc86c2aaad146a8,0
sub_0_r0,q_snb_expand_h3_0079,snb_real_queries,0.0,0.0,1.0,0.0,0.0,1.0,1.0,3.0,3.1872386932373047,0.3010300099849701,0.0010000000474974,23.58257484436035,391.0,1.3573168516159058,1.0,0.0,1.0,0.9542425274848938,13115.162109375,-1.0,-1.0,1.0,116.68,16.41,68.55,5.74,1.702,GRAPH,real_measurement,ok,ok,0,0,0,none,0,af253d2d9bfcab467a62af347b6c6cca48e7b96fdd5714253125ddcd5c67cc90,1
sub_0_r0,q_snb_expand_h3_0055,snb_real_queries,0.0,0.0,1.0,0.0,0.0,1.0,1.0,3.0,3.1872386932373047,0.3010300099849701,0.0010000000474974,23.58257484436035,391.0,1.3573168516159058,1.0,0.0,1.0,0.9542425274848938,13115.162109375,-1.0,-1.0,1.0,128.88,8.25,108.98,0.38,1.183,GRAPH,real_measurement,ok,ok,0,0,0,none,0,b6796a37068c37ca3d713a44e3975406a4957efd2ccb62509d4e787c16fcb492,1
sub_1_r0,q_snb_expand_h3_0035,snb_real_queries,0.0,0.0,0.0,1.0,0.0,1.0,0.0,0.0,3.8555190563201904,3.8555190563201904,1.0,0.0,0.0,0.0,2.0,0.0,1.0,5.059582233428955,0.0,-1.0,-1.0,1.0,355.8,35.04,1067.4,0.0,0.333,SQL,real_measurement,ok,not_applicable_penalized,0,0,0,none,0,16ce48506a44b7dd2faf927f3038edc9175beb38633f42e70db3b457c4ce448e,0
sub_0_r0,q_ogb_real_0001,ogb_real_queries,0.0,0.0,1.0,0.0,0.0,1.0,1.0,3.0,5.1815690994262695,2.1818435192108154,0.0010000000474974,7.677550792694092,436.0,1.1782097816467283,1.0,0.0,1.0,3.082426309585572,68335.2890625,-1.0,-1.0,1.0,5765.08,0.0,686.72,0.0,8.395,GRAPH,real_measurement,ok,ok,0,0,0,none,0,00a500e8ae75d0eaf838580224b15b0c0b7b20d0a355e65c2ee779ac117567f0,1
sub_0_r0,q_snb_expand_h3_0074,snb_real_queries,0.0,0.0,1.0,0.0,0.0,1.0,1.0,2.0,3.1872386932373047,0.3010300099849701,0.0010000000474974,23.58257484436035,391.0,1.3573168516159058,1.0,0.0,1.0,0.9542425274848938,556.1378173828125,-1.0,-1.0,1.0,180.54,9.17,138.97,33.82,1.299,GRAPH,real_measurement,ok,ok,0,0,0,none,0,20e9b114bd5e05bbf330bce2b935ce82e7b0588be793f89004dc3093b9577313,1
sub_0_r0,q_ogb_real_0056,ogb_real_queries,0.0,0.0,1.0,0.0,0.0,1.0,1.0,3.0,5.1815690994262695,2.1818435192108154,0.0010000000474974,7.677550792694092,436.0,1.1782097816467283,1.0,0.0,1.0,3.082426309585572,68335.2890625,-1.0,-1.0,1.0,13708.45,0.0,171.47,0.0,79.947,GRAPH,real_measurement,ok,ok,0,0,0,none,0,f85816bd0f7f3e29b8b7389dbfb29bdffc701c893299a390fb5af16c6ee3ea7d,1
sub_1_r0,q_ogb_real_0037,ogb_real_queries,0.0,0.0,0.0,1.0,0.0,1.0,0.0,0.0,3.8555190563201904,3.8555190563201904,1.0,0.0,0.0,0.0,2.0,0.0,1.0,5.059582233428955,0.0,-1.0,-1.0,1.0,328.49,0.0,985.47,0.0,0.333,SQL,real_measurement,ok,not_applicable_penalized,0,0,0,none,0,c2fe293bd89b9407c61c7cec701d69b44105fa83edc33e94bde74bf6e25129d9,0
sub_0_r0,q_ogb_real_0032,ogb_real_queries,0.0,0.0,1.0,0.0,0.0,1.0,1.0,3.0,5.1815690994262695,2.1818435192108154,0.0010000000474974,7.677550792694092,436.0,1.1782097816467283,1.0,0.0,1.0,3.082426309585572,68335.2890625,-1.0,-1.0,1.0,20573.65,0.0,201.47,0.0,102.118,GRAPH,real_measurement,ok,ok,0,0,0,none,0,bf6af3b0c222767f26b40bc2e6b206ab74b6223b0a4cda19ff592974bb65e319,1
sub_1_r0,q_snb_expand_h3_0060,snb_real_queries,0.0,0.0,0.0,1.0,0.0,1.0,0.0,0.0,3.8555190563201904,3.8555190563201904,1.0,0.0,0.0,0.0,2.0,0.0,1.0,5.059582233428955,0.0,-1.0,-1.0,1.0,184.75,10.02,554.25,0.0,0.333,SQL,real_measurement,ok,not_applicable_penalized,0,0,0,none,0,35d463e02ba2fa80685c0caf11db3c843c62047c9d2f182b8b168282e45f3354,0
sub_0_r0,q_snb_expand_h3_0015,snb_real_queries,0.0,0.0,1.0,0.0,0.0,1.0,1.0,3.0,3.1872386932373047,0.3010300099849701,0.0010000000474974,23.58257484436035,391.0,1.3573168516159058,1.0,0.0,1.0,0.9542425274848938,13115.162109375,-1.0,-1.0,1.0,269.64,42.3,116.64,15.08,2.312,GRAPH,real_measurement,ok,ok,0,0,0,none,0,1f2085d3619e376e27e725ecb3e78b048de54536c6447c8df631895b6bc03df5,1
sub_1_r0,q_snb_expand_h3_0026,snb_real_queries,0.0,0.0,0.0,1.0,0.0,1.0,0.0,0.0,3.8555190563201904,3.8555190563201904,1.0,0.0,0.0,0.0,2.0,0.0,1.0,5.059582233428955,0.0,-1.0,-1.0,1.0,3497.36,53.71,10492.08,0.0,0.333,SQL,real_measurement,ok,not_applicable_penalized,0,0,0,none,0,25d381b4d68166f83567bd2d126ce3b9f0257339f4e1593062b40c3d2dd4311e,0
sub_0_r0,q_snb_expand_h3_0033,snb_real_queries,0.0,0.0,1.0,0.0,0.0,1.0,1.0,2.0,3.1872386932373047,0.3010300099849701,0.0010000000474974,23.58257484436035,391.0,1.3573168516159058,1.0,0.0,1.0,0.9542425274848938,556.1378173828125,-1.0,-1.0,1.0,110.94,10.87,124.35,24.75,0.892,SQL,real_measurement,ok,ok,0,0,0,none,0,8e3fde8e49fe9347ffe8c0241ffe4ffafc65ba8363241f402996d1d42e6d40d2,0
sub_0_r0,q_snb_expand_h3_0052,snb_real_queries,0.0,0.0,1.0,0.0,0.0,1.0,1.0,3.0,3.1872386932373047,0.3010300099849701,0.0010000000474974,23.58257484436035,391.0,1.3573168516159058,1.0,0.0,1.0,0.9542425274848938,13115.162109375,-1.0,-1.0,1.0,190.44,22.35,93.17,6.87,2.044,GRAPH,real_measurement,ok,ok,0,0,0,none,0,0f01b1be83d1b98da9f107a11539ba14c6169adcb45b891c4bee4fa65522e7a3,1
sub_1_r0,q_snb_expand_h3_0034,snb_real_queries,0.0,0.0,0.0,1.0,0.0,1.0,0.0,0.0,3.8555190563201904,3.8555190563201904,1.0,0.0,0.0,0.0,2.0,0.0,1.0,5.059582233428955,0.0,-1.0,-1.0,1.0,332.16,31.01,996.48,0.0,0.333,SQL,real_measurement,ok,not_applicable_penalized,0,0,0,none,0,6ed60c260100f3f6da6455e2b0de4dadc2f9d6cbbfecf3e77443abd14cdfc1b3,0
sub_1_r0,q_ogb_real_0007,ogb_real_queries,0.0,0.0,0.0,1.0,0.0,1.0,0.0,0.0,3.8555190563201904,3.8555190563201904,1.0,0.0,0.0,0.0,2.0,0.0,1.0,5.059582233428955,0.0,-1.0,-1.0,1.0,5896.66,0.0,17689.98,0.0,0.333,SQL,real_measurement,ok,not_applicable_penalized,0,0,0,none,0,9ebb93cf634b7e04897ea63563432e5bb68c710fb8c127d534fa5552e071beee,0
sub_0_r0,q_ogb_real_0002,ogb_real_queries,0.0,0.0,1.0,0.0,0.0,1.0,1.0,3.0,5.1815690994262695,2.1818435192108154,0.0010000000474974,7.677550792694092,436.0,1.1782097816467283,1.0,0.0,1.0,3.082426309585572,68335.2890625,-1.0,-1.0,1.0,19591.44,0.0,512.79,0.0,38.206,GRAPH,real_measurement,ok,ok,0,0,0,none,0,27c2556e79cc8b72b498ffc6ef01e42b96fe0eac9562578618b3947375d58869,1
sub_0_r0,q_snb_real_0003,snb_real_queries,0.0,0.0,1.0,0.0,0.0,1.0,1.0,3.0,3.1872386932373047,0.3010300099849701,0.0010000000474974,23.58257484436035,391.0,1.3573168516159058,1.0,0.0,1.0,0.9542425274848938,13115.162109375,-1.0,-1.0,1.0,248.35,0.0,163.09,0.0,1.523,GRAPH,real_measurement,ok,ok,0,0,0,none,0,fc0daa2b3338c4523981948adcc01817074d8dd799e68b3fbea64200e86b87c8,1
sub_1_r0,q_snb_real_0025,snb_real_queries,0.0,0.0,0.0,1.0,0.0,1.0,0.0,0.0,3.8555190563201904,3.8555190563201904,1.0,0.0,0.0,0.0,2.0,0.0,1.0,5.059582233428955,0.0,-1.0,-1.0,1.0,192.4,0.0,577.2,0.0,0.333,SQL,real_measurement,ok,not_applicable_penalized,0,0,0,none,0,ecf4eedf0b33716e9131d879718c4a3191945e94a2831fdcff4e57e70791179b,0
sub_0_r0,q_snb_expand_h3_0009,snb_real_queries,0.0,0.0,1.0,0.0,0.0,1.0,1.0,2.0,3.1872386932373047,0.3010300099849701,0.0010000000474974,23.58257484436035,391.0,1.3573168516159058,1.0,0.0,1.0,0.9542425274848938,556.1378173828125,-1.0,-1.0,1.0,181.34,16.97,97.53,5.64,1.859,GRAPH,real_measurement,ok,ok,0,0,0,none,0,b7c15a2a42390f0c1c535dd2e170d9c3ac24c49ec0624d7e5218664a271876f0,1
sub_1_r0,q_snb_expand_h3_0042,snb_real_queries,0.0,0.0,0.0,1.0,0.0,1.0,0.0,0.0,3.8555190563201904,3.8555190563201904,1.0,0.0,0.0,0.0,2.0,0.0,1.0,5.059582233428955,0.0,-1.0,-1.0,1.0,191.71,19.27,575.13,0.0,0.333,SQL,real_measurement,ok,not_applicable_penalized,0,0,0,none,0,21da050a6b787cbaa1ee41bf0d359691c91d58446f11f72e02434667dc8705f6,0
sub_0_r0,q_snb_expand_h3_0057,snb_real_queries,0.0,0.0,1.0,0.0,0.0,1.0,1.0,2.0,3.1872386932373047,0.3010300099849701,0.0010000000474974,23.58257484436035,391.0,1.3573168516159058,1.0,0.0,1.0,0.9542425274848938,556.1378173828125,-1.0,-1.0,1.0,152.88,23.15,126.2,10.36,1.211,GRAPH,real_measurement,ok,ok,0,0,0,none,0,d1a943038b6012d7ea2cd414db090358034768d85897f6263641d45aa819d801,1
sub_1_r0,q_snb_expand_h3_0075,snb_real_queries,0.0,0.0,0.0,1.0,0.0,1.0,0.0,0.0,3.8555190563201904,3.8555190563201904,1.0,0.0,0.0,0.0,2.0,0.0,1.0,5.059582233428955,0.0,-1.0,-1.0,1.0,326.9,33.86,980.7,0.0,0.333,SQL,real_measurement,ok,not_applicable_penalized,0,0,0,none,0,843e8a598cda292ed048c8694e27d8a421adf282c2c591eaa6d13f4b4fee8450,0
sub_0_r0,q_snb_expand_h3_0073,snb_real_queries,0.0,0.0,1.0,0.0,0.0,1.0,1.0,2.0,3.1872386932373047,0.3010300099849701,0.0010000000474974,23.58257484436035,391.0,1.3573168516159058,1.0,0.0,1.0,0.9542425274848938,556.1378173828125,-1.0,-1.0,1.0,253.44,61.84,123.11,11.03,2.059,GRAPH,real_measurement,ok,ok,0,0,0,none,0,727f9374ede30b804ba5ac04c193d9fe70732adcd226e57d6a0757695d6cc6dc,1
sub_1_r0,q_snb_expand_h3_0030,snb_real_queries,0.0,0.0,0.0,1.0,0.0,1.0,0.0,0.0,3.8555190563201904,3.8555190563201904,1.0,0.0,0.0,0.0,2.0,0.0,1.0,5.059582233428955,0.0,-1.0,-1.0,1.0,366.9,69.06,1100.7,0.0,0.333,SQL,real_measurement,ok,not_applicable_penalized,0,0,0,none,0,4d9b8af2e5d9919f5b7dc24ee4366fb5e35aa269b8868ba1095b7852de916df2,0
sub_0_r0,q_snb_expand_h3_0053,snb_real_queries,0.0,0.0,1.0,0.0,0.0,1.0,1.0,2.0,3.1872386932373047,0.3010300099849701,0.0010000000474974,23.58257484436035,391.0,1.3573168516159058,1.0,0.0,1.0,0.9542425274848938,556.1378173828125,-1.0,-1.0,1.0,190.97,25.69,105.25,5.15,1.814,GRAPH,real_measurement,ok,ok,0,0,0,none,0,7cf7a4f23d1d8098e9f50c305cfdeca39afeb3be24f7dd99afc7255d6df0be38,1
sub_1_r0,q_snb_expand_h3_0029,snb_real_queries,0.0,0.0,0.0,1.0,0.0,1.0,0.0,0.0,3.8555190563201904,3.8555190563201904,1.0,0.0,0.0,0.0,2.0,0.0,1.0,5.059582233428955,0.0,-1.0,-1.0,1.0,190.81,1.38,572.43,0.0,0.333,SQL,real_measurement,ok,not_applicable_penalized,0,0,0,none,0,76dca86738b05a361c5c1052b2f77dac04b7c5147e1d9c09150ae26f6f91c68d,0
sub_0_r0,q_snb_expand_h3_0038,snb_real_queries,0.0,0.0,1.0,0.0,0.0,1.0,1.0,2.0,3.1872386932373047,0.3010300099849701,0.0010000000474974,23.58257484436035,391.0,1.3573168516159058,1.0,0.0,1.0,0.9542425274848938,556.1378173828125,-1.0,-1.0,1.0,168.35,19.58,165.45,22.82,1.018,GRAPH,real_measurement,ok,ok,0,0,0,none,0,f6bfaf0a09529974ec3854d381c421a0d45175dcf14e697b4fee21b362f789fe,1
sub_0_r0,q_ogb_real_0001,ogb_real_queries,0.0,0.0,1.0,0.0,0.0,1.0,1.0,3.0,5.1815690994262695,2.1818435192108154,0.0010000000474974,7.677550792694092,436.0,1.1782097816467283,1.0,0.0,1.0,3.082426309585572,68335.2890625,-1.0,-1.0,1.0,5765.08,0.0,686.72,0.0,8.395,GRAPH,real_measurement,ok,ok,0,0,0,none,0,00a500e8ae75d0eaf838580224b15b0c0b7b20d0a355e65c2ee779ac117567f0,1
sub_0_r0,q_snb_expand_h3_0014,snb_real_queries,0.0,0.0,1.0,0.0,0.0,1.0,1.0,2.0,3.1872386932373047,0.3010300099849701,0.0010000000474974,23.58257484436035,391.0,1.3573168516159058,1.0,0.0,1.0,0.9542425274848938,556.1378173828125,-1.0,-1.0,1.0,370.26,39.49,116.62,3.76,3.175,GRAPH,real_measurement,ok,ok,0,0,0,none,0,dfcfa78d237893a2b632daa15fb00efc0f49667e125a3c34d8a35bf1fc410ee7,1
sub_0_r0,q_snb_expand_h3_0073,snb_real_queries,0.0,0.0,1.0,0.0,0.0,1.0,1.0,2.0,3.1872386932373047,0.3010300099849701,0.0010000000474974,23.58257484436035,391.0,1.3573168516159058,1.0,0.0,1.0,0.9542425274848938,556.1378173828125,-1.0,-1.0,1.0,253.44,61.84,123.11,11.03,2.059,GRAPH,real_measurement,ok,ok,0,0,0,none,0,727f9374ede30b804ba5ac04c193d9fe70732adcd226e57d6a0757695d6cc6dc,1
sub_0_r0,q_ogb_real_0031,ogb_real_queries,0.0,0.0,1.0,0.0,0.0,1.0,1.0,3.0,5.1815690994262695,2.1818435192108154,0.0010000000474974,7.677550792694092,436.0,1.1782097816467283,1.0,0.0,1.0,3.082426309585572,68335.2890625,-1.0,-1.0,1.0,3948.35,0.0,364.16,0.0,10.842,GRAPH,real_measurement,ok,ok,0,0,0,none,0,56c3b59af5a32409ef7e7b383c9f9f36505a296871db6f701b8dc06f28f29611,1
sub_0_r0,q_snb_real_0015,snb_real_queries,0.0,0.0,1.0,0.0,0.0,1.0,1.0,5.0,3.1872386932373047,0.3010300099849701,0.0010000000474974,23.58257484436035,391.0,1.3573168516159058,1.0,0.0,1.0,0.9542425274848938,7293838.0,-1.0,-1.0,1.0,225.8,11.41,111.43,0.58,2.026,GRAPH,real_measurement,ok,ok,0,0,0,none,0,238bb6f5e2b33acbac3058e2557b635d0efe740086fc735a9e4c86f189902202,1
sub_1_r0,q_snb_real_0033,snb_real_queries,0.0,0.0,0.0,1.0,0.0,1.0,0.0,0.0,3.8555190563201904,3.8555190563201904,1.0,0.0,0.0,0.0,2.0,0.0,1.0,5.059582233428955,0.0,-1.0,-1.0,1.0,171.88,0.0,515.64,0.0,0.333,SQL,real_measurement,ok,not_applicable_penalized,0,0,0,none,0,f4220319b678c410c5219cda83fc99b486c44011ec5963544d4de11197403f61,0
sub_0_r0,q_snb_expand_h3_0074,snb_real_queries,0.0,0.0,1.0,0.0,0.0,1.0,1.0,2.0,3.1872386932373047,0.3010300099849701,0.0010000000474974,23.58257484436035,391.0,1.3573168516159058,1.0,0.0,1.0,0.9542425274848938,556.1378173828125,-1.0,-1.0,1.0,180.54,9.17,138.97,33.82,1.299,GRAPH,real_measurement,ok,ok,0,0,0,none,0,20e9b114bd5e05bbf330bce2b935ce82e7b0588be793f89004dc3093b9577313,1
sub_1_r0,q_snb_real_0020,snb_real_queries,0.0,0.0,0.0,1.0,0.0,1.0,0.0,0.0,3.8555190563201904,3.8555190563201904,1.0,0.0,0.0,0.0,2.0,0.0,1.0,5.059582233428955,0.0,-1.0,-1.0,1.0,12397.3,0.0,37191.9,0.0,0.333,SQL,real_measurement,ok,not_applicable_penalized,0,0,0,none,0,97da6d0b782cb4273a456c761e52e11ac3fa0020a653f549ca2f36d7807b5228,0
sub_0_r0,q_ogb_real_0007,ogb_real_queries,0.0,0.0,1.0,0.0,0.0,1.0,1.0,3.0,5.1815690994262695,2.1818435192108154,0.0010000000474974,7.677550792694092,436.0,1.1782097816467283,1.0,0.0,1.0,3.082426309585572,68335.2890625,-1.0,-1.0,1.0,4786.5,0.0,393.44,0.0,12.166,GRAPH,real_measurement,ok,ok,0,0,0,none,0,2c5a3e99c6d742ddea40d461757cfb02922f4c64790397e2959301a0d5df9f08,1
sub_1_r0,q_snb_real_0018,snb_real_queries,0.0,0.0,0.0,1.0,0.0,1.0,0.0,0.0,3.8555190563201904,3.8555190563201904,1.0,0.0,0.0,0.0,2.0,0.0,1.0,5.059582233428955,0.0,-1.0,-1.0,1.0,3942.63,0.0,11827.89,0.0,0.333,SQL,real_measurement,ok,not_applicable_penalized,0,0,0,none,0,bf708fd284fd8ab334357d7b7c325d15367c10ef4dbac5cb4ca5328eef3250d5,0
sub_0_r0,q_snb_expand_h3_0022,snb_real_queries,0.0,0.0,1.0,0.0,0.0,1.0,1.0,2.0,3.1872386932373047,0.3010300099849701,0.0010000000474974,23.58257484436035,391.0,1.3573168516159058,1.0,0.0,1.0,0.9542425274848938,556.1378173828125,-1.0,-1.0,1.0,315.05,5.91,213.2,40.0,1.478,GRAPH,real_measurement,ok,ok,0,0,0,none,0,8c96476ee4280277a4a567d5a5f84141dfc0e232011a7cb0b07abf33fc0e7576,1
sub_0_r0,q_ogb_real_0014,ogb_real_queries,0.0,0.0,1.0,0.0,0.0,1.0,1.0,3.0,5.1815690994262695,2.1818435192108154,0.0010000000474974,7.677550792694092,436.0,1.1782097816467283,1.0,0.0,1.0,3.082426309585572,68335.2890625,-1.0,-1.0,1.0,19789.85,0.0,278.39,0.0,71.087,GRAPH,real_measurement,ok,ok,0,0,0,none,0,f246222019087d7fee85626ad4918da203ac51f6f8ca9f7d4a87b8b9996e2b37,1
sub_1_r0,q_snb_expand_h3_0014,snb_real_queries,0.0,0.0,0.0,1.0,0.0,1.0,0.0,0.0,3.8555190563201904,3.8555190563201904,1.0,0.0,0.0,0.0,2.0,0.0,1.0,5.059582233428955,0.0,-1.0,-1.0,1.0,300.28,14.27,900.84,0.0,0.333,SQL,real_measurement,ok,not_applicable_penalized,0,0,0,none,0,8c3d53391ac94677241d875004ae5901a0014d8ac90d1d119bd825e7b23dd165,0
sub_1_r0,q_snb_real_0026,snb_real_queries,0.0,0.0,0.0,1.0,0.0,1.0,0.0,0.0,3.8555190563201904,3.8555190563201904,1.0,0.0,0.0,0.0,2.0,0.0,1.0,5.059582233428955,0.0,-1.0,-1.0,1.0,220.24,0.0,660.72,0.0,0.333,SQL,real_measurement,ok,not_applicable_penalized,0,0,0,none,0,caf655e96b8583a88f3a5b8ef629ba7e133ecd3b18ebacff2f4f23fcee1436a2,0
sub_1_r0,q_snb_expand_h3_0064,snb_real_queries,0.0,0.0,0.0,1.0,0.0,1.0,0.0,0.0,3.8555190563201904,3.8555190563201904,1.0,0.0,0.0,0.0,2.0,0.0,1.0,5.059582233428955,0.0,-1.0,-1.0,1.0,617.73,10.24,1853.19,0.0,0.333,SQL,real_measurement,ok,not_applicable_penalized,0,0,0,none,0,8c936df8a7ac697bb6a4d9d75d4001fe5d9a073aa967d6e67b0fc692b9aa9b26,0
sub_1_r0,q_ogb_real_0056,ogb_real_queries,0.0,0.0,0.0,1.0,0.0,1.0,0.0,0.0,3.8555190563201904,3.8555190563201904,1.0,0.0,0.0,0.0,2.0,0.0,1.0,5.059582233428955,0.0,-1.0,-1.0,1.0,19432.43,0.0,58297.29,0.0,0.333,SQL,real_measurement,ok,not_applicable_penalized,0,0,0,none,0,e74ecbccade46f8ee9fcae5eb87196d50089bffd28e2cd61f2c437192363cdf6,0
sub_1_r0,q_snb_expand_h3_0070,snb_real_queries,0.0,0.0,0.0,1.0,0.0,1.0,0.0,0.0,3.8555190563201904,3.8555190563201904,1.0,0.0,0.0,0.0,2.0,0.0,1.0,5.059582233428955,0.0,-1.0,-1.0,1.0,370.51,74.31,1111.53,0.0,0.333,SQL,real_measurement,ok,not_applicable_penalized,0,0,0,none,0,a534425d2d4dbf547b31b2508339b167d85c4bdbce53f5d0cfa5a70d70d29e91,0
sub_1_r0,q_ogb_real_0050,ogb_real_queries,0.0,0.0,0.0,1.0,0.0,1.0,0.0,0.0,3.8555190563201904,3.8555190563201904,1.0,0.0,0.0,0.0,2.0,0.0,1.0,5.059582233428955,0.0,-1.0,-1.0,1.0,20510.73,0.0,61532.19,0.0,0.333,SQL,real_measurement,ok,not_applicable_penalized,0,0,0,none,0,f99db6ddfd2d1f573ff58b23a720a6cff234e8fc597a6a85d7f4228075b8d5c1,0
sub_0_r0,q_snb_expand_h3_0023,snb_real_queries,0.0,0.0,1.0,0.0,0.0,1.0,1.0,3.0,3.1872386932373047,0.3010300099849701,0.0010000000474974,23.58257484436035,391.0,1.3573168516159058,1.0,0.0,1.0,0.9542425274848938,13115.162109375,-1.0,-1.0,1.0,162.43,1.96,111.16,9.91,1.461,GRAPH,real_measurement,ok,ok,0,0,0,none,0,4fcc811d432f10d8670d617182ddbd3db762a2251ea14b1d56f3e9a3dc0fda85,1
sub_0_r0,q_snb_real_0011,snb_real_queries,0.0,0.0,1.0,0.0,0.0,1.0,1.0,3.0,3.1872386932373047,0.3010300099849701,0.0010000000474974,23.58257484436035,391.0,1.3573168516159058,1.0,0.0,1.0,0.9542425274848938,13115.162109375,-1.0,-1.0,1.0,257.41,0.0,120.68,0.0,2.133,GRAPH,real_measurement,ok,ok,0,0,0,none,0,55a41b3660d06260b464506ae7a10f1a5b14f638ff5ca76af9450dcc28f3f6b2,1
sub_1_r0,q_snb_real_0005,snb_real_queries,0.0,0.0,0.0,1.0,0.0,1.0,0.0,0.0,3.8555190563201904,3.8555190563201904,1.0,0.0,0.0,0.0,2.0,0.0,1.0,5.059582233428955,0.0,-1.0,-1.0,1.0,462.88,18.63,1388.64,0.0,0.333,SQL,real_measurement,ok,not_applicable_penalized,0,0,0,none,0,ec410a09121ee7070fa6c5dd64a0bc3113933d90eed74d50e9eb1d64e7a27578,0
sub_1_r0,q_snb_real_0002,snb_real_queries,0.0,0.0,0.0,1.0,0.0,1.0,0.0,0.0,3.8555190563201904,3.8555190563201904,1.0,0.0,0.0,0.0,2.0,0.0,1.0,5.059582233428955,0.0,-1.0,-1.0,1.0,459.92,0.0,1379.76,0.0,0.333,SQL,real_measurement,ok,not_applicable_penalized,0,0,0,none,0,3fb9bd019cdaf15ae23ab37137335dc14c9c28e47b496e8c04750ef365156397,0
sub_0_r0,q_snb_expand_h3_0075,snb_real_queries,0.0,0.0,1.0,0.0,0.0,1.0,1.0,3.0,3.1872386932373047,0.3010300099849701,0.0010000000474974,23.58257484436035,391.0,1.3573168516159058,1.0,0.0,1.0,0.9542425274848938,13115.162109375,-1.0,-1.0,1.0,130.64,10.87,127.98,31.08,1.021,GRAPH,real_measurement,ok,ok,0,0,0,none,0,f6e4b7a1b6e634c60ac15a0df394d3f935b0c8711e45b99295b0950f6f65ce9b,1
sub_1_r0,q_snb_real_0035,snb_real_queries,0.0,0.0,0.0,1.0,0.0,1.0,0.0,0.0,3.8555190563201904,3.8555190563201904,1.0,0.0,0.0,0.0,2.0,0.0,1.0,5.059582233428955,0.0,-1.0,-1.0,1.0,201.47,0.0,604.41,0.0,0.333,SQL,real_measurement,ok,not_applicable_penalized,0,0,0,none,0,9a1fd6829c59416f2311823995a9edf2ef674fb4cf494775516eb1b4415ce88a,0
sub_1_r0,q_snb_expand_h3_0018,snb_real_queries,0.0,0.0,0.0,1.0,0.0,1.0,0.0,0.0,3.8555190563201904,3.8555190563201904,1.0,0.0,0.0,0.0,2.0,0.0,1.0,5.059582233428955,0.0,-1.0,-1.0,1.0,263.87,28.53,791.61,0.0,0.333,SQL,real_measurement,ok,not_applicable_penalized,0,0,0,none,0,a35f892b340bed9bbfaf90589ced8267015e343fe2d26c855a16ea53629b7918,0
sub_1_r0,q_snb_expand_h3_0055,snb_real_queries,0.0,0.0,0.0,1.0,0.0,1.0,0.0,0.0,3.8555190563201904,3.8555190563201904,1.0,0.0,0.0,0.0,2.0,0.0,1.0,5.059582233428955,0.0,-1.0,-1.0,1.0,246.02,41.66,738.06,0.0,0.333,SQL,real_measurement,ok,not_applicable_penalized,0,0,0,none,0,0b6394c3a275bb1773cc7fc59ff0c287abfa1a92cc6bbdd41098883e68150b32,0
sub_1_r0,q_snb_real_0012,snb_real_queries,0.0,0.0,0.0,1.0,0.0,1.0,0.0,0.0,3.8555190563201904,3.8555190563201904,1.0,0.0,0.0,0.0,2.0,0.0,1.0,5.059582233428955,0.0,-1.0,-1.0,1.0,309.9,0.0,929.7,0.0,0.333,SQL,real_measurement,ok,not_applicable_penalized,0,0,0,none,0,70cf3fd40dbbbb4bee40e445618871bba0c214e64f21e123e2dd1bd58788148d,0
sub_0_r0,q_snb_expand_h3_0072,snb_real_queries,0.0,0.0,1.0,0.0,0.0,1.0,1.0,3.0,3.1872386932373047,0.3010300099849701,0.0010000000474974,23.58257484436035,391.0,1.3573168516159058,1.0,0.0,1.0,0.9542425274848938,13115.162109375,-1.0,-1.0,1.0,292.22,65.48,128.2,23.72,2.279,GRAPH,real_measurement,ok,ok,0,0,0,none,0,90b800f42e3f4ce42606471dc5601a8d54f4de6addfc3864d7dc795ba8cc9790,1
sub_0_r0,q_snb_expand_h3_0088,snb_real_queries,0.0,0.0,1.0,0.0,0.0,1.0,1.0,3.0,3.1872386932373047,0.3010300099849701,0.0010000000474974,23.58257484436035,391.0,1.3573168516159058,1.0,0.0,1.0,0.9542425274848938,13115.162109375,-1.0,-1.0,1.0,191.3,22.93,187.22,59.08,1.022,GRAPH,real_measurement,ok,ok,0,0,0,none,0,d30e5535473698daffc1bc8a904df75ef48760b340b52edfe53ff5862d5f2f6c,1
sub_1_r0,q_ogb_real_0043,ogb_real_queries,0.0,0.0,0.0,1.0,0.0,1.0,0.0,0.0,3.8555190563201904,3.8555190563201904,1.0,0.0,0.0,0.0,2.0,0.0,1.0,5.059582233428955,0.0,-1.0,-1.0,1.0,659.52,0.0,1978.56,0.0,0.333,SQL,real_measurement,ok,not_applicable_penalized,0,0,0,none,0,c408e2554a144bd5dc1cde71a786792961ae4d55ff2cacee8f2ef834f1a04869,0
sub_1_r0,q_snb_expand_h3_0069,snb_real_queries,0.0,0.0,0.0,1.0,0.0,1.0,0.0,0.0,3.8555190563201904,3.8555190563201904,1.0,0.0,0.0,0.0,2.0,0.0,1.0,5.059582233428955,0.0,-1.0,-1.0,1.0,169.08,19.03,507.24,0.0,0.333,SQL,real_measurement,ok,not_applicable_penalized,0,0,0,none,0,821625f819878326a5878d3b61851a125531e2f92a80bc841da7b8e29ecab526,0
sub_0_r0,q_snb_real_0022,snb_real_queries,0.0,0.0,1.0,0.0,0.0,1.0,1.0,4.0,3.1872386932373047,0.3010300099849701,0.0010000000474974,23.58257484436035,391.0,1.3573168516159058,1.0,0.0,1.0,0.9542425274848938,309289.28125,-1.0,-1.0,1.0,72324.89,1614.02,277.09,16.58,261.016,GRAPH,real_measurement,ok,ok,0,0,0,none,0,4e2193e20ca78635798620634f41361214c909aae2f500b46ca9659667f85464,1
sub_0_r0,q_snb_real_0018,snb_real_queries,0.0,0.0,1.0,0.0,0.0,1.0,1.0,2.0,3.1872386932373047,0.3010300099849701,0.0010000000474974,23.58257484436035,391.0,1.3573168516159058,1.0,0.0,1.0,0.9542425274848938,556.1378173828125,-1.0,-1.0,1.0,3902.16,0.0,373.31,0.0,10.453,GRAPH,real_measurement,ok,ok,0,0,0,none,0,9852ddd0f50aa293dd55ef165ff4e3da3bd87c100ee7a311c6653cb7f3f4eeaf,1
sub_0_r0,q_ogb_real_0056,ogb_real_queries,0.0,0.0,1.0,0.0,0.0,1.0,1.0,3.0,5.1815690994262695,2.1818435192108154,0.0010000000474974,7.677550792694092,436.0,1.1782097816467283,1.0,0.0,1.0,3.082426309585572,68335.2890625,-1.0,-1.0,1.0,13708.45,0.0,171.47,0.0,79.947,GRAPH,real_measurement,ok,ok,0,0,0,none,0,f85816bd0f7f3e29b8b7389dbfb29bdffc701c893299a390fb5af16c6ee3ea7d,1
sub_1_r0,q_snb_real_0010,snb_real_queries,0.0,0.0,0.0,1.0,0.0,1.0,0.0,0.0,3.8555190563201904,3.8555190563201904,1.0,0.0,0.0,0.0,2.0,0.0,1.0,5.059582233428955,0.0,-1.0,-1.0,1.0,295.41,0.0,886.23,0.0,0.333,SQL,real_measurement,ok,not_applicable_penalized,0,0,0,none,0,412dc11f1bfaa83d83912b07813f8dae2161c2ccc8d6b6bba5176916dd7e48ec,0
sub_1_r0,q_snb_expand_h3_0010,snb_real_queries,0.0,0.0,0.0,1.0,0.0,1.0,0.0,0.0,3.8555190563201904,3.8555190563201904,1.0,0.0,0.0,0.0,2.0,0.0,1.0,5.059582233428955,0.0,-1.0,-1.0,1.0,367.34,29.31,1102.02,0.0,0.333,SQL,real_measurement,ok,not_applicable_penalized,0,0,0,none,0,1c68d16f4b6ba3dddcc6698b1342cd0e946e313728ff85f2bfe5a40e8439ff8f,0
sub_1_r0,q_snb_expand_h3_0031,snb_real_queries,0.0,0.0,0.0,1.0,0.0,1.0,0.0,0.0,3.8555190563201904,3.8555190563201904,1.0,0.0,0.0,0.0,2.0,0.0,1.0,5.059582233428955,0.0,-1.0,-1.0,1.0,231.42,58.32,694.26,0.0,0.333,SQL,real_measurement,ok,not_applicable_penalized,0,0,0,none,0,46c249d62240e089c001e33fa3268c130a24d8295d77f37893878a5af5f7970f,0
sub_1_r0,q_ogb_real_0001,ogb_real_queries,0.0,0.0,0.0,1.0,0.0,1.0,0.0,0.0,3.8555190563201904,3.8555190563201904,1.0,0.0,0.0,0.0,2.0,0.0,1.0,5.059582233428955,0.0,-1.0,-1.0,1.0,8228.5,0.0,24685.5,0.0,0.333,SQL,real_measurement,ok,not_applicable_penalized,0,0,0,none,0,3d60f7fa6eb66e7652032e5d5489939e18c55e46b55ecdf91520b637be2687ae,0
sub_1_r0,q_snb_expand_h3_0087,snb_real_queries,0.0,0.0,0.0,1.0,0.0,1.0,0.0,0.0,3.8555190563201904,3.8555190563201904,1.0,0.0,0.0,0.0,2.0,0.0,1.0,5.059582233428955,0.0,-1.0,-1.0,1.0,195.75,31.74,587.25,0.0,0.333,SQL,real_measurement,ok,not_applicable_penalized,0,0,0,none,0,584db07765f94ab7ebe4cc7001e9453438edbae0dd742b99e3f94c0cd57655aa,0
sub_0_r0,q_snb_expand_h3_0072,snb_real_queries,0.0,0.0,1.0,0.0,0.0,1.0,1.0,3.0,3.1872386932373047,0.3010300099849701,0.0010000000474974,23.58257484436035,391.0,1.3573168516159058,1.0,0.0,1.0,0.9542425274848938,13115.162109375,-1.0,-1.0,1.0,292.22,65.48,128.2,23.72,2.279,GRAPH,real_measurement,ok,ok,0,0,0,none,0,90b800f42e3f4ce42606471dc5601a8d54f4de6addfc3864d7dc795ba8cc9790,1
sub_0_r0,q_ogb_real_0002,ogb_real_queries,0.0,0.0,1.0,0.0,0.0,1.0,1.0,3.0,5.1815690994262695,2.1818435192108154,0.0010000000474974,7.677550792694092,436.0,1.1782097816467283,1.0,0.0,1.0,3.082426309585572,68335.2890625,-1.0,-1.0,1.0,19591.44,0.0,512.79,0.0,38.206,GRAPH,real_measurement,ok,ok,0,0,0,none,0,27c2556e79cc8b72b498ffc6ef01e42b96fe0eac9562578618b3947375d58869,1
sub_0_r0,q_snb_expand_h3_0007,snb_real_queries,0.0,0.0,1.0,0.0,0.0,1.0,1.0,3.0,3.1872386932373047,0.3010300099849701,0.0010000000474974,23.58257484436035,391.0,1.3573168516159058,1.0,0.0,1.0,0.9542425274848938,13115.162109375,-1.0,-1.0,1.0,213.28,4.75,168.57,5.64,1.265,GRAPH,real_measurement,ok,ok,0,0,0,none,0,bc2e25b3f01d47cf84491f085336b10b219ec9f69958a8adaa7f6a6ed125061f,1
sub_1_r0,q_snb_expand_h3_0081,snb_real_queries,0.0,0.0,0.0,1.0,0.0,1.0,0.0,0.0,3.8555190563201904,3.8555190563201904,1.0,0.0,0.0,0.0,2.0,0.0,1.0,5.059582233428955,0.0,-1.0,-1.0,1.0,179.51,2.69,538.53,0.0,0.333,SQL,real_measurement,ok,not_applicable_penalized,0,0,0,none,0,63c9944574de288aa80952414070cd8d7e43ca32fe4591f948538a85b0f367f9,0
sub_0_r0,q_snb_real_0027,snb_real_queries,0.0,0.0,1.0,0.0,0.0,1.0,1.0,3.0,3.1872386932373047,0.3010300099849701,0.0010000000474974,23.58257484436035,391.0,1.3573168516159058,1.0,0.0,1.0,0.9542425274848938,13115.162109375,-1.0,-1.0,1.0,165.69,0.0,78.66,0.0,2.106,GRAPH,real_measurement,ok,ok,0,0,0,none,0,07db44b5daa59bac5d8c04aa6acbf4be6a3d6574eba0c7484619eaebc19b735a,1
sub_0_r0,q_snb_real_0005,snb_real_queries,0.0,0.0,1.0,0.0,0.0,1.0,1.0,4.0,3.1872386932373047,0.3010300099849701,0.0010000000474974,23.58257484436035,391.0,1.3573168516159058,1.0,0.0,1.0,0.9542425274848938,309289.28125,-1.0,-1.0,1.0,696.35,48.64,361.32,16.41,1.927,GRAPH,real_measurement,ok,ok,0,0,0,none,0,abab0e48fe913c825b6f947dee8d5df2244051317da7135af3e092fcc1187322,1
sub_1_r0,q_snb_real_0028,snb_real_queries,0.0,0.0,0.0,1.0,0.0,1.0,0.0,0.0,3.8555190563201904,3.8555190563201904,1.0,0.0,0.0,0.0,2.0,0.0,1.0,5.059582233428955,0.0,-1.0,-1.0,1.0,199.67,0.0,599.01,0.0,0.333,SQL,real_measurement,ok,not_applicable_penalized,0,0,0,none,0,9bf21a19033e5f4799ca7f1871caad52c4cb54321c982236f7c84c3816215714,0
sub_1_r0,q_snb_expand_h3_0079,snb_real_queries,0.0,0.0,0.0,1.0,0.0,1.0,0.0,0.0,3.8555190563201904,3.8555190563201904,1.0,0.0,0.0,0.0,2.0,0.0,1.0,5.059582233428955,0.0,-1.0,-1.0,1.0,147.15,10.17,441.45,0.0,0.333,SQL,real_measurement,ok,not_applicable_penalized,0,0,0,none,0,5742655b9ad1290c37fee3900bebf9ecfc9b215c610fab9cb0b5d7305497b803,0
sub_0_r0,q_snb_expand_h3_0074,snb_real_queries,0.0,0.0,1.0,0.0,0.0,1.0,1.0,2.0,3.1872386932373047,0.3010300099849701,0.0010000000474974,23.58257484436035,391.0,1.3573168516159058,1.0,0.0,1.0,0.9542425274848938,556.1378173828125,-1.0,-1.0,1.0,180.54,9.17,138.97,33.82,1.299,GRAPH,real_measurement,ok,ok,0,0,0,none,0,20e9b114bd5e05bbf330bce2b935ce82e7b0588be793f89004dc3093b9577313,1
sub_0_r0,q_snb_expand_h3_0021,snb_real_queries,0.0,0.0,1.0,0.0,0.0,1.0,1.0,2.0,3.1872386932373047,0.3010300099849701,0.0010000000474974,23.58257484436035,391.0,1.3573168516159058,1.0,0.0,1.0,0.9542425274848938,556.1378173828125,-1.0,-1.0,1.0,283.01,9.34,140.02,9.9,2.021,GRAPH,real_measurement,ok,ok,0,0,0,none,0,9a83b7ce198494482be56a9c59f6a3dd0d853995b226fd84e9ec2cafce56c7f2,1
sub_1_r0,q_ogb_real_0014,ogb_real_queries,0.0,0.0,0.0,1.0,0.0,1.0,0.0,0.0,3.8555190563201904,3.8555190563201904,1.0,0.0,0.0,0.0,2.0,0.0,1.0,5.059582233428955,0.0,-1.0,-1.0,1.0,26702.75,0.0,80108.25,0.0,0.333,SQL,real_measurement,ok,not_applicable_penalized,0,0,0,none,0,9e9b005f2184f21e4f33c408310da8490bb5f3574d5c2220b8cb2500ea6342c2,0
sub_0_r0,q_snb_expand_h3_0047,snb_real_queries,0.0,0.0,1.0,0.0,0.0,1.0,1.0,3.0,3.1872386932373047,0.3010300099849701,0.0010000000474974,23.58257484436035,391.0,1.3573168516159058,1.0,0.0,1.0,0.9542425274848938,13115.162109375,-1.0,-1.0,1.0,224.21,25.36,181.77,16.92,1.233,GRAPH,real_measurement,ok,ok,0,0,0,none,0,c7d824def2c6188c2eafe4479f5354b7ef2a586d01018beffe433f613f34f5f7,1
sub_1_r0,q_snb_expand_h3_0005,snb_real_queries,0.0,0.0,0.0,1.0,0.0,1.0,0.0,0.0,3.8555190563201904,3.8555190563201904,1.0,0.0,0.0,0.0,2.0,0.0,1.0,5.059582233428955,0.0,-1.0,-1.0,1.0,289.8,19.63,869.4,0.0,0.333,SQL,real_measurement,ok,not_applicable_penalized,0,0,0,none,0,3909f2fe902d012e7092d8dedd95799d2582cbcaf376220880ccf98e54e96c90,0
sub_0_r0,q_snb_real_0013,snb_real_queries,0.0,0.0,1.0,0.0,0.0,1.0,1.0,4.0,3.1872386932373047,0.3010300099849701,0.0010000000474974,23.58257484436035,391.0,1.3573168516159058,1.0,0.0,1.0,0.9542425274848938,309289.28125,-1.0,-1.0,1.0,254.07,7.44,139.57,16.67,1.82,GRAPH,real_measurement,ok,ok,0,0,0,none,0,3d2f09956dd416272df6a09e8b73c331b03c57a0687f794aee2e7b82dd8ab471,1
sub_0_r0,q_snb_expand_h3_0001,snb_real_queries,0.0,0.0,1.0,0.0,0.0,1.0,1.0,2.0,3.1872386932373047,0.3010300099849701,0.0010000000474974,23.58257484436035,391.0,1.3573168516159058,1.0,0.0,1.0,0.9542425274848938,556.1378173828125,-1.0,-1.0,1.0,656.3,27.08,240.58,2.11,2.728,GRAPH,real_measurement,ok,ok,0,0,0,none,0,efa47e1c7f082313f28ac58a7bf0759455dc789020e1827c62048f69cb6d8629,1
sub_0_r0,q_snb_expand_h3_0080,snb_real_queries,0.0,0.0,1.0,0.0,0.0,1.0,1.0,3.0,3.1872386932373047,0.3010300099849701,0.0010000000474974,23.58257484436035,391.0,1.3573168516159058,1.0,0.0,1.0,0.9542425274848938,13115.162109375,-1.0,-1.0,1.0,158.93,11.9,105.15,8.79,1.511,GRAPH,real_measurement,ok,ok,0,0,0,none,0,67273c7631ea9d56f84bfb28bbd95ccf461053f0e1149e7011dc488cd8ffd789,1
sub_0_r0,q_snb_real_0004,snb_real_queries,0.0,0.0,1.0,0.0,0.0,1.0,1.0,3.0,3.1872386932373047,0.3010300099849701,0.0010000000474974,23.58257484436035,391.0,1.3573168516159058,1.0,0.0,1.0,0.9542425274848938,13115.162109375,-1.0,-1.0,1.0,279.17,0.0,124.59,0.0,2.241,GRAPH,real_measurement,ok,ok,0,0,0,none,0,b4e8a76d78afe93297dabdcdda3062083ad6003f1423a212fb1b84eb2e85a01c,1
sub_1_r0,q_snb_expand_h3_0032,snb_real_queries,0.0,0.0,0.0,1.0,0.0,1.0,0.0,0.0,3.8555190563201904,3.8555190563201904,1.0,0.0,0.0,0.0,2.0,0.0,1.0,5.059582233428955,0.0,-1.0,-1.0,1.0,290.05,44.12,870.15,0.0,0.333,SQL,real_measurement,ok,not_applicable_penalized,0,0,0,none,0,01f451aaa2bb99ed132d76e72c2bc4ef8b6fdb3d6ba63fe3174f83d4ed3a6e3b,0
sub_1_r0,q_snb_expand_h3_0053,snb_real_queries,0.0,0.0,0.0,1.0,0.0,1.0,0.0,0.0,3.8555190563201904,3.8555190563201904,1.0,0.0,0.0,0.0,2.0,0.0,1.0,5.059582233428955,0.0,-1.0,-1.0,1.0,285.31,15.99,855.93,0.0,0.333,SQL,real_measurement,ok,not_applicable_penalized,0,0,0,none,0,08f5df6ac1475a11288b98b10ba19702b90b7c7711d5eadd2c698080a452c867,0
sub_1_r0,q_ogb_real_0008,ogb_real_queries,0.0,0.0,0.0,1.0,0.0,1.0,0.0,0.0,3.8555190563201904,3.8555190563201904,1.0,0.0,0.0,0.0,2.0,0.0,1.0,5.059582233428955,0.0,-1.0,-1.0,1.0,26887.92,0.0,80663.76,0.0,0.333,SQL,real_measurement,ok,not_applicable_penalized,0,0,0,none,0,9d6a7f4a4a1981041103b305e2621ec3f973aa3629a718f276c0ffc8ba03fb0a,0
sub_1_r0,q_snb_real_0001,snb_real_queries,0.0,0.0,0.0,1.0,0.0,1.0,0.0,0.0,3.8555190563201904,3.8555190563201904,1.0,0.0,0.0,0.0,2.0,0.0,1.0,5.059582233428955,0.0,-1.0,-1.0,1.0,787.6,0.0,2362.8,0.0,0.333,SQL,real_measurement,ok,not_applicable_penalized,0,0,0,none,0,5a733798c2160a69b8887e28e578f1c6ed4a08dacd95c951280fe61bec827a0f,0
sub_1_r0,q_snb_expand_h3_0019,snb_real_queries,0.0,0.0,0.0,1.0,0.0,1.0,0.0,0.0,3.8555190563201904,3.8555190563201904,1.0,0.0,0.0,0.0,2.0,0.0,1.0,5.059582233428955,0.0,-1.0,-1.0,1.0,380.5,84.0,1141.5,0.0,0.333,SQL,real_measurement,ok,not_applicable_penalized,0,0,0,none,0,ca3f37cf73f927a1fdc3dc41b4886feeb4f963cf9feb47bdbb76dca9488f8383,0
sub_1_r0,q_snb_expand_h3_0001,snb_real_queries,0.0,0.0,0.0,1.0,0.0,1.0,0.0,0.0,3.8555190563201904,3.8555190563201904,1.0,0.0,0.0,0.0,2.0,0.0,1.0,5.059582233428955,0.0,-1.0,-1.0,1.0,504.75,41.22,1514.25,0.0,0.333,SQL,real_measurement,ok,not_applicable_penalized,0,0,0,none,0,ff6193daacc50912a26bf0e57314206490fc4e8215d24373051623e65957a013,0
sub_0_r0,q_snb_expand_h3_0046,snb_real_queries,0.0,0.0,1.0,0.0,0.0,1.0,1.0,2.0,3.1872386932373047,0.3010300099849701,0.0010000000474974,23.58257484436035,391.0,1.3573168516159058,1.0,0.0,1.0,0.9542425274848938,556.1378173828125,-1.0,-1.0,1.0,256.04,23.87,127.1,9.16,2.014,GRAPH,real_measurement,ok,ok,0,0,0,none,0,550fa70eb3dfe92f64bb080ea7b8aab33b19dac25f31e1e15236e26e5a1b74c7,1
sub_0_r0,q_snb_expand_h3_0086,snb_real_queries,0.0,0.0,1.0,0.0,0.0,1.0,1.0,2.0,3.1872386932373047,0.3010300099849701,0.0010000000474974,23.58257484436035,391.0,1.3573168516159058,1.0,0.0,1.0,0.9542425274848938,556.1378173828125,-1.0,-1.0,1.0,305.48,56.79,170.69,10.93,1.79,GRAPH,real_measurement,ok,ok,0,0,0,none,0,79ab4cd595bff308b0a11de7f5135e8409c37d038b24e0b26cb23d8077525508,1
sub_1_r0,q_snb_expand_h3_0088,snb_real_queries,0.0,0.0,0.0,1.0,0.0,1.0,0.0,0.0,3.8555190563201904,3.8555190563201904,1.0,0.0,0.0,0.0,2.0,0.0,1.0,5.059582233428955,0.0,-1.0,-1.0,1.0,241.0,40.87,723.0,0.0,0.333,SQL,real_measurement,ok,not_applicable_penalized,0,0,0,none,0,b28d8d0d2522964d758b36b3211040ab9552278694bee6db78cdec1ed821a6b4,0
sub_1_r0,q_ogb_real_0002,ogb_real_queries,0.0,0.0,0.0,1.0,0.0,1.0,0.0,0.0,3.8555190563201904,3.8555190563201904,1.0,0.0,0.0,0.0,2.0,0.0,1.0,5.059582233428955,0.0,-1.0,-1.0,1.0,29536.78,0.0,88610.34,0.0,0.333,SQL,real_measurement,ok,not_applicable_penalized,0,0,0,none,0,a5595610c073914436e2cff273e969102400b757ac7b80aa6fbc7a4910d88a80,0
sub_0_r0,q_snb_expand_h3_0086,snb_real_queries,0.0,0.0,1.0,0.0,0.0,1.0,1.0,2.0,3.1872386932373047,0.3010300099849701,0.0010000000474974,23.58257484436035,391.0,1.3573168516159058,1.0,0.0,1.0,0.9542425274848938,556.1378173828125,-1.0,-1.0,1.0,305.48,56.79,170.69,10.93,1.79,GRAPH,real_measurement,ok,ok,0,0,0,none,0,79ab4cd595bff308b0a11de7f5135e8409c37d038b24e0b26cb23d8077525508,1
sub_0_r0,q_snb_real_0026,snb_real_queries,0.0,0.0,1.0,0.0,0.0,1.0,1.0,2.0,3.1872386932373047,0.3010300099849701,0.0010000000474974,23.58257484436035,391.0,1.3573168516159058,1.0,0.0,1.0,0.9542425274848938,556.1378173828125,-1.0,-1.0,1.0,179.47,0.0,82.34,0.0,2.18,GRAPH,real_measurement,ok,ok,0,0,0,none,0,5973fbc00d8a6822fc065ee3e9c0e09ed48cafe9f90803b18ca7be11bbc0bcd5,1
sub_1_r0,q_ogb_real_0038,ogb_real_queries,0.0,0.0,0.0,1.0,0.0,1.0,0.0,0.0,3.8555190563201904,3.8555190563201904,1.0,0.0,0.0,0.0,2.0,0.0,1.0,5.059582233428955,0.0,-1.0,-1.0,1.0,28387.11,0.0,85161.33,0.0,0.333,SQL,real_measurement,ok,not_applicable_penalized,0,0,0,none,0,c526f40957ff3cc5d80d7e91dacb2638e0a3224e0951d574a5875bb9b2f17b2e,0
sub_1_r0,q_snb_real_0017,snb_real_queries,0.0,0.0,0.0,1.0,0.0,1.0,0.0,0.0,3.8555190563201904,3.8555190563201904,1.0,0.0,0.0,0.0,2.0,0.0,1.0,5.059582233428955,0.0,-1.0,-1.0,1.0,2165.38,0.0,6496.14,0.0,0.333,SQL,real_measurement,ok,not_applicable_penalized,0,0,0,none,0,4ce06c8dab570bf6abd6721ee86fab465f21085610aead3b73b615430b911c2b,0
sub_0_r0,q_ogb_real_0001,ogb_real_queries,0.0,0.0,1.0,0.0,0.0,1.0,1.0,3.0,5.1815690994262695,2.1818435192108154,0.0010000000474974,7.677550792694092,436.0,1.1782097816467283,1.0,0.0,1.0,3.082426309585572,68335.2890625,-1.0,-1.0,1.0,5765.08,0.0,686.72,0.0,8.395,GRAPH,real_measurement,ok,ok,0,0,0,none,0,00a500e8ae75d0eaf838580224b15b0c0b7b20d0a355e65c2ee779ac117567f0,1
sub_0_r0,q_snb_expand_h3_0051,snb_real_queries,0.0,0.0,1.0,0.0,0.0,1.0,1.0,3.0,3.1872386932373047,0.3010300099849701,0.0010000000474974,23.58257484436035,391.0,1.3573168516159058,1.0,0.0,1.0,0.9542425274848938,13115.162109375,-1.0,-1.0,1.0,143.93,15.71,169.12,31.81,0.851,SQL,real_measurement,ok,ok,0,0,0,none,0,786b7285d9d3f0e92aa9dc86892645ffaacb45257ca9b2725028e50d2431d0b7,0
sub_1_r0,q_ogb_real_0013,ogb_real_queries,0.0,0.0,0.0,1.0,0.0,1.0,0.0,0.0,3.8555190563201904,3.8555190563201904,1.0,0.0,0.0,0.0,2.0,0.0,1.0,5.059582233428955,0.0,-1.0,-1.0,1.0,10575.61,0.0,31726.83,0.0,0.333,SQL,real_measurement,ok,not_applicable_penalized,0,0,0,none,0,2d8aba878a725936f04c3b5aed1ef0d644ea7fc92c3bc08b4b2b4c3c09734e74,0
sub_0_r0,q_ogb_real_0037,ogb_real_queries,0.0,0.0,1.0,0.0,0.0,1.0,1.0,3.0,5.1815690994262695,2.1818435192108154,0.0010000000474974,7.677550792694092,436.0,1.1782097816467283,1.0,0.0,1.0,3.082426309585572,68335.2890625,-1.0,-1.0,1.0,263.2,0.0,425.15,0.0,0.619,SQL,real_measurement,ok,ok,0,0,0,none,0,fb870ab65e22485b753317c9bf97b0054faa2c0c96dd8aec7b33ecd7164f94a3,0
sub_0_r0,q_snb_expand_h3_0087,snb_real_queries,0.0,0.0,1.0,0.0,0.0,1.0,1.0,3.0,3.1872386932373047,0.3010300099849701,0.0010000000474974,23.58257484436035,391.0,1.3573168516159058,1.0,0.0,1.0,0.9542425274848938,13115.162109375,-1.0,-1.0,1.0,204.72,9.35,92.14,3.54,2.222,GRAPH,real_measurement,ok,ok,0,0,0,none,0,78131ee1642845a38f5e41918d70f10fbd2c6853eb1854c1b03f3a9e61d42791,1
sub_0_r0,q_snb_expand_h3_0081,snb_real_queries,0.0,0.0,1.0,0.0,0.0,1.0,1.0,2.0,3.1872386932373047,0.3010300099849701,0.0010000000474974,23.58257484436035,391.0,1.3573168516159058,1.0,0.0,1.0,0.9542425274848938,556.1378173828125,-1.0,-1.0,1.0,189.4,35.23,81.2,13.77,2.333,GRAPH,real_measurement,ok,ok,0,0,0,none,0,bde380b15d8a31a25726709727ff5a965f5ffb04b47f71aacb79ceb96eb035b9,1
sub_1_r0,q_snb_expand_h3_0052,snb_real_queries,0.0,0.0,0.0,1.0,0.0,1.0,0.0,0.0,3.8555190563201904,3.8555190563201904,1.0,0.0,0.0,0.0,2.0,0.0,1.0,5.059582233428955,0.0,-1.0,-1.0,1.0,178.55,0.15,535.65,0.0,0.333,SQL,real_measurement,ok,not_applicable_penalized,0,0,0,none,0,45f16d5f8c0758384f9fd16cf2ca1db6f017c1fd926f1b6f8f914715232d7142,0
sub_1_r0,q_snb_expand_h3_0033,snb_real_queries,0.0,0.0,0.0,1.0,0.0,1.0,0.0,0.0,3.8555190563201904,3.8555190563201904,1.0,0.0,0.0,0.0,2.0,0.0,1.0,5.059582233428955,0.0,-1.0,-1.0,1.0,253.24,42.59,759.72,0.0,0.333,SQL,real_measurement,ok,not_applicable_penalized,0,0,0,none,0,1be9a5a24e5d90700bddeca4a542b4b6f356e54b4c34e34c8dfb0ca51ee83b13,0
sub_0_r0,q_snb_real_0003,snb_real_queries,0.0,0.0,1.0,0.0,0.0,1.0,1.0,3.0,3.1872386932373047,0.3010300099849701,0.0010000000474974,23.58257484436035,391.0,1.3573168516159058,1.0,0.0,1.0,0.9542425274848938,13115.162109375,-1.0,-1.0,1.0,248.35,0.0,163.09,0.0,1.523,GRAPH,real_measurement,ok,ok,0,0,0,none,0,fc0daa2b3338c4523981948adcc01817074d8dd799e68b3fbea64200e86b87c8,1
sub_1_r0,q_snb_expand_h3_0076,snb_real_queries,0.0,0.0,0.0,1.0,0.0,1.0,0.0,0.0,3.8555190563201904,3.8555190563201904,1.0,0.0,0.0,0.0,2.0,0.0,1.0,5.059582233428955,0.0,-1.0,-1.0,1.0,170.21,0.97,510.63,0.0,0.333,SQL,real_measurement,ok,not_applicable_penalized,0,0,0,none,0,3cbde1c41df8834c053eda60867cee73ba9f1edd5d0dd1136e76d33c8162cc01,0
sub_0_r0,q_snb_expand_h3_0029,snb_real_queries,0.0,0.0,1.0,0.0,0.0,1.0,1.0,2.0,3.1872386932373047,0.3010300099849701,0.0010000000474974,23.58257484436035,391.0,1.3573168516159058,1.0,0.0,1.0,0.9542425274848938,556.1378173828125,-1.0,-1.0,1.0,182.06,7.61,138.66,11.73,1.313,GRAPH,real_measurement,ok,ok,0,0,0,none,0,8b7946e3fdc7543c3e8a78392e8413f524e830098ff935fb95fb702d512dfb52,1
sub_1_r0,q_snb_expand_h3_0086,snb_real_queries,0.0,0.0,0.0,1.0,0.0,1.0,0.0,0.0,3.8555190563201904,3.8555190563201904,1.0,0.0,0.0,0.0,2.0,0.0,1.0,5.059582233428955,0.0,-1.0,-1.0,1.0,225.57,11.02,676.71,0.0,0.333,SQL,real_measurement,ok,not_applicable_penalized,0,0,0,none,0,0ada849d6737e658dc5db3a020771b2be470d448ac03a6b1544522de8f121e4c,0
sub_0_r0,q_snb_expand_h3_0014,snb_real_queries,0.0,0.0,1.0,0.0,0.0,1.0,1.0,2.0,3.1872386932373047,0.3010300099849701,0.0010000000474974,23.58257484436035,391.0,1.3573168516159058,1.0,0.0,1.0,0.9542425274848938,556.1378173828125,-1.0,-1.0,1.0,370.26,39.49,116.62,3.76,3.175,GRAPH,real_measurement,ok,ok,0,0,0,none,0,dfcfa78d237893a2b632daa15fb00efc0f49667e125a3c34d8a35bf1fc410ee7,1
sub_1_r0,q_snb_expand_h3_0049,snb_real_queries,0.0,0.0,0.0,1.0,0.0,1.0,0.0,0.0,3.8555190563201904,3.8555190563201904,1.0,0.0,0.0,0.0,2.0,0.0,1.0,5.059582233428955,0.0,-1.0,-1.0,1.0,212.25,8.65,636.75,0.0,0.333,SQL,real_measurement,ok,not_applicable_penalized,0,0,0,none,0,417a31332412b81f8fda60956ad4048ba42d2735fa8b224d70e466456b4d62d7,0
sub_0_r0,q_snb_expand_h3_0025,snb_real_queries,0.0,0.0,1.0,0.0,0.0,1.0,1.0,2.0,3.1872386932373047,0.3010300099849701,0.0010000000474974,23.58257484436035,391.0,1.3573168516159058,1.0,0.0,1.0,0.9542425274848938,556.1378173828125,-1.0,-1.0,1.0,1556.62,60.45,277.83,28.78,5.603,GRAPH,real_measurement,ok,ok,0,0,0,none,0,2bddc7bb437449b1a6b8354cc44d7454f54f99c251307d85bf39ff22bed07f81,1
sub_0_r0,q_snb_expand_h3_0021,snb_real_queries,0.0,0.0,1.0,0.0,0.0,1.0,1.0,2.0,3.1872386932373047,0.3010300099849701,0.0010000000474974,23.58257484436035,391.0,1.3573168516159058,1.0,0.0,1.0,0.9542425274848938,556.1378173828125,-1.0,-1.0,1.0,283.01,9.34,140.02,9.9,2.021,GRAPH,real_measurement,ok,ok,0,0,0,none,0,9a83b7ce198494482be56a9c59f6a3dd0d853995b226fd84e9ec2cafce56c7f2,1
sub_1_r0,q_snb_expand_h3_0057,snb_real_queries,0.0,0.0,0.0,1.0,0.0,1.0,0.0,0.0,3.8555190563201904,3.8555190563201904,1.0,0.0,0.0,0.0,2.0,0.0,1.0,5.059582233428955,0.0,-1.0,-1.0,1.0,226.9,8.89,680.7,0.0,0.333,SQL,real_measurement,ok,not_applicable_penalized,0,0,0,none,0,79d6a2b853df31343df283e09a899d74e84b3ad2aaeee631e8b6c51588c8af4d,0
sub_0_r0,q_ogb_real_0020,ogb_real_queries,0.0,0.0,1.0,0.0,0.0,1.0,1.0,3.0,5.1815690994262695,2.1818435192108154,0.0010000000474974,7.677550792694092,436.0,1.1782097816467283,1.0,0.0,1.0,3.082426309585572,68335.2890625,-1.0,-1.0,1.0,17292.13,0.0,485.95,0.0,35.584,GRAPH,real_measurement,ok,ok,0,0,0,none,0,f29372ff70bb85e15e028be81d79ae1819be4306ce7bc381d1ce0a5b604e7e9c,1
sub_0_r0,q_ogb_real_0014,ogb_real_queries,0.0,0.0,1.0,0.0,0.0,1.0,1.0,3.0,5.1815690994262695,2.1818435192108154,0.0010000000474974,7.677550792694092,436.0,1.1782097816467283,1.0,0.0,1.0,3.082426309585572,68335.2890625,-1.0,-1.0,1.0,19789.85,0.0,278.39,0.0,71.087,GRAPH,real_measurement,ok,ok,0,0,0,none,0,f246222019087d7fee85626ad4918da203ac51f6f8ca9f7d4a87b8b9996e2b37,1
sub_0_r0,q_snb_expand_h3_0015,snb_real_queries,0.0,0.0,1.0,0.0,0.0,1.0,1.0,3.0,3.1872386932373047,0.3010300099849701,0.0010000000474974,23.58257484436035,391.0,1.3573168516159058,1.0,0.0,1.0,0.9542425274848938,13115.162109375,-1.0,-1.0,1.0,269.64,42.3,116.64,15.08,2.312,GRAPH,real_measurement,ok,ok,0,0,0,none,0,1f2085d3619e376e27e725ecb3e78b048de54536c6447c8df631895b6bc03df5,1
sub_0_r0,q_ogb_real_0003,ogb_real_queries,0.0,0.0,1.0,0.0,0.0,1.0,1.0,4.0,5.1815690994262695,2.1818435192108154,0.0010000000474974,7.677550792694092,436.0,1.1782097816467283,1.0,0.0,1.0,3.082426309585572,524647.6875,-1.0,-1.0,1.0,3222.13,0.0,160.46,0.0,20.081,GRAPH,real_measurement,ok,ok,0,0,0,none,0,ca13ff5c1a858360f03bd983af0844de777bb39bce85d083883043332543a11f,1
sub_1_r0,q_snb_real_0006,snb_real_queries,0.0,0.0,0.0,1.0,0.0,1.0,0.0,0.0,3.8555190563201904,3.8555190563201904,1.0,0.0,0.0,0.0,2.0,0.0,1.0,5.059582233428955,0.0,-1.0,-1.0,1.0,542.78,68.7,1628.34,0.0,0.333,SQL,real_measurement,ok,not_applicable_penalized,0,0,0,none,0,94b71aa6be5d5530f3a6b31e13b40cd1ed1676381489d460fe9b3598a54c8e87,0
sub_0_r0,q_snb_expand_h3_0061,snb_real_queries,0.0,0.0,1.0,0.0,0.0,1.0,1.0,2.0,3.1872386932373047,0.3010300099849701,0.0010000000474974,23.58257484436035,391.0,1.3573168516159058,1.0,0.0,1.0,0.9542425274848938,556.1378173828125,-1.0,-1.0,1.0,244.61,65.23,102.25,13.61,2.392,GRAPH,real_measurement,ok,ok,0,0,0,none,0,1042d849f925ad16f9899f2d6a94cb6af006b88698692258a80a94c37eef4cce,1
sub_1_r0,q_snb_expand_h3_0007,snb_real_queries,0.0,0.0,0.0,1.0,0.0,1.0,0.0,0.0,3.8555190563201904,3.8555190563201904,1.0,0.0,0.0,0.0,2.0,0.0,1.0,5.059582233428955,0.0,-1.0,-1.0,1.0,312.75,9.28,938.25,0.0,0.333,SQL,real_measurement,ok,not_applicable_penalized,0,0,0,none,0,81396064dcd44a4786d4adc8d886a3c636d41cc1420e45cf0745fc6baccef83a,0
sub_1_r0,q_snb_expand_h3_0025,snb_real_queries,0.0,0.0,0.0,1.0,0.0,1.0,0.0,0.0,3.8555190563201904,3.8555190563201904,1.0,0.0,0.0,0.0,2.0,0.0,1.0,5.059582233428955,0.0,-1.0,-1.0,1.0,2330.73,97.41,6992.19,0.0,0.333,SQL,real_measurement,ok,not_applicable_penalized,0,0,0,none,0,592dc5bf0b5adc7a0fb1b3370f8d8d05ace6bbc64cb7ec15519299ddb0b9240c,0
sub_0_r0,q_ogb_real_0003,ogb_real_queries,0.0,0.0,1.0,0.0,0.0,1.0,1.0,4.0,5.1815690994262695,2.1818435192108154,0.0010000000474974,7.677550792694092,436.0,1.1782097816467283,1.0,0.0,1.0,3.082426309585572,524647.6875,-1.0,-1.0,1.0,3222.13,0.0,160.46,0.0,20.081,GRAPH,real_measurement,ok,ok,0,0,0,none,0,ca13ff5c1a858360f03bd983af0844de777bb39bce85d083883043332543a11f,1
sub_1_r0,q_snb_expand_h3_0037,snb_real_queries,0.0,0.0,0.0,1.0,0.0,1.0,0.0,0.0,3.8555190563201904,3.8555190563201904,1.0,0.0,0.0,0.0,2.0,0.0,1.0,5.059582233428955,0.0,-1.0,-1.0,1.0,186.22,5.6,558.66,0.0,0.333,SQL,real_measurement,ok,not_applicable_penalized,0,0,0,none,0,516dbcfd51d9c838b4075a453b081c34a9213e8615197b508a19de4b3edc3615,0
sub_0_r0,q_snb_expand_h3_0074,snb_real_queries,0.0,0.0,1.0,0.0,0.0,1.0,1.0,2.0,3.1872386932373047,0.3010300099849701,0.0010000000474974,23.58257484436035,391.0,1.3573168516159058,1.0,0.0,1.0,0.9542425274848938,556.1378173828125,-1.0,-1.0,1.0,180.54,9.17,138.97,33.82,1.299,GRAPH,real_measurement,ok,ok,0,0,0,none,0,20e9b114bd5e05bbf330bce2b935ce82e7b0588be793f89004dc3093b9577313,1
sub_1_r0,q_snb_real_0019,snb_real_queries,0.0,0.0,0.0,1.0,0.0,1.0,0.0,0.0,3.8555190563201904,3.8555190563201904,1.0,0.0,0.0,0.0,2.0,0.0,1.0,5.059582233428955,0.0,-1.0,-1.0,1.0,4032.33,0.0,12096.99,0.0,0.333,SQL,real_measurement,ok,not_applicable_penalized,0,0,0,none,0,2fb6111d02802fc579aaeded58685979ae83aeb24f0b511d5ec346ae96b58335,0
sub_0_r0,q_snb_real_0015,snb_real_queries,0.0,0.0,1.0,0.0,0.0,1.0,1.0,5.0,3.1872386932373047,0.3010300099849701,0.0010000000474974,23.58257484436035,391.0,1.3573168516159058,1.0,0.0,1.0,0.9542425274848938,7293838.0,-1.0,-1.0,1.0,225.8,11.41,111.43,0.58,2.026,GRAPH,real_measurement,ok,ok,0,0,0,none,0,238bb6f5e2b33acbac3058e2557b635d0efe740086fc735a9e4c86f189902202,1
sub_0_r0,q_snb_expand_h3_0085,snb_real_queries,0.0,0.0,1.0,0.0,0.0,1.0,1.0,2.0,3.1872386932373047,0.3010300099849701,0.0010000000474974,23.58257484436035,391.0,1.3573168516159058,1.0,0.0,1.0,0.9542425274848938,556.1378173828125,-1.0,-1.0,1.0,190.99,40.63,96.94,18.82,1.97,GRAPH,real_measurement,ok,ok,0,0,0,none,0,5107acb0ea966c7094b7e3f446c9bda06a2076cf73d2a4443bbb7065dd54acc5,1
sub_1_r0,q_snb_real_0013,snb_real_queries,0.0,0.0,0.0,1.0,0.0,1.0,0.0,0.0,3.8555190563201904,3.8555190563201904,1.0,0.0,0.0,0.0,2.0,0.0,1.0,5.059582233428955,0.0,-1.0,-1.0,1.0,427.39,66.58,1282.17,0.0,0.333,SQL,real_measurement,ok,not_applicable_penalized,0,0,0,none,0,a3025f8215fc1af7546b96f027155b059c3f021199a8cdb485001669933063fe,0
sub_1_r0,q_snb_expand_h3_0015,snb_real_queries,0.0,0.0,0.0,1.0,0.0,1.0,0.0,0.0,3.8555190563201904,3.8555190563201904,1.0,0.0,0.0,0.0,2.0,0.0,1.0,5.059582233428955,0.0,-1.0,-1.0,1.0,300.41,6.63,901.23,0.0,0.333,SQL,real_measurement,ok,not_applicable_penalized,0,0,0,none,0,4f508d15c6235a0af13dd43aa3f3aded46965f8d8c8679eb93fdc3281c7e3a2d,0
sub_0_r0,q_snb_expand_h3_0010,snb_real_queries,0.0,0.0,1.0,0.0,0.0,1.0,1.0,2.0,3.1872386932373047,0.3010300099849701,0.0010000000474974,23.58257484436035,391.0,1.3573168516159058,1.0,0.0,1.0,0.9542425274848938,556.1378173828125,-1.0,-1.0,1.0,266.88,12.64,108.48,6.49,2.46,GRAPH,real_measurement,ok,ok,0,0,0,none,0,07ff4c9b54e4b3212af43d2540346dfb81577769a9fd360ee99a6e2228870494,1
sub_1_r0,q_snb_expand_h3_0044,snb_real_queries,0.0,0.0,0.0,1.0,0.0,1.0,0.0,0.0,3.8555190563201904,3.8555190563201904,1.0,0.0,0.0,0.0,2.0,0.0,1.0,5.059582233428955,0.0,-1.0,-1.0,1.0,253.21,3.47,759.63,0.0,0.333,SQL,real_measurement,ok,not_applicable_penalized,0,0,0,none,0,5ab28217083a2d50c2493689c8bcee387bacf34091a15305a34c187f7223670c,0
sub_1_r0,q_snb_expand_h3_0080,snb_real_queries,0.0,0.0,0.0,1.0,0.0,1.0,0.0,0.0,3.8555190563201904,3.8555190563201904,1.0,0.0,0.0,0.0,2.0,0.0,1.0,5.059582233428955,0.0,-1.0,-1.0,1.0,208.4,15.51,625.2,0.0,0.333,SQL,real_measurement,ok,not_applicable_penalized,0,0,0,none,0,bcccf34e238b605540ad3082b805e913e379cfd5070ce73f6281cf6dda054b48,0
sub_0_r0,q_snb_expand_h3_0029,snb_real_queries,0.0,0.0,1.0,0.0,0.0,1.0,1.0,2.0,3.1872386932373047,0.3010300099849701,0.0010000000474974,23.58257484436035,391.0,1.3573168516159058,1.0,0.0,1.0,0.9542425274848938,556.1378173828125,-1.0,-1.0,1.0,182.06,7.61,138.66,11.73,1.313,GRAPH,real_measurement,ok,ok,0,0,0,none,0,8b7946e3fdc7543c3e8a78392e8413f524e830098ff935fb95fb702d512dfb52,1
sub_1_r0,q_snb_expand_h3_0038,snb_real_queries,0.0,0.0,0.0,1.0,0.0,1.0,0.0,0.0,3.8555190563201904,3.8555190563201904,1.0,0.0,0.0,0.0,2.0,0.0,1.0,5.059582233428955,0.0,-1.0,-1.0,1.0,230.37,27.85,691.11,0.0,0.333,SQL,real_measurement,ok,not_applicable_penalized,0,0,0,none,0,5925af69cd1bfb2df14268edbfbbf7792cd41ff534ce0680a397b4d0366aa845,0
sub_0_r0,q_ogb_real_0001,ogb_real_queries,0.0,0.0,1.0,0.0,0.0,1.0,1.0,3.0,5.1815690994262695,2.1818435192108154,0.0010000000474974,7.677550792694092,436.0,1.1782097816467283,1.0,0.0,1.0,3.082426309585572,68335.2890625,-1.0,-1.0,1.0,5765.08,0.0,686.72,0.0,8.395,GRAPH,real_measurement,ok,ok,0,0,0,none,0,00a500e8ae75d0eaf838580224b15b0c0b7b20d0a355e65c2ee779ac117567f0,1
sub_0_r0,q_snb_expand_h3_0007,snb_real_queries,0.0,0.0,1.0,0.0,0.0,1.0,1.0,3.0,3.1872386932373047,0.3010300099849701,0.0010000000474974,23.58257484436035,391.0,1.3573168516159058,1.0,0.0,1.0,0.9542425274848938,13115.162109375,-1.0,-1.0,1.0,213.28,4.75,168.57,5.64,1.265,GRAPH,real_measurement,ok,ok,0,0,0,none,0,bc2e25b3f01d47cf84491f085336b10b219ec9f69958a8adaa7f6a6ed125061f,1
sub_1_r0,q_snb_expand_h3_0051,snb_real_queries,0.0,0.0,0.0,1.0,0.0,1.0,0.0,0.0,3.8555190563201904,3.8555190563201904,1.0,0.0,0.0,0.0,2.0,0.0,1.0,5.059582233428955,0.0,-1.0,-1.0,1.0,219.43,34.46,658.29,0.0,0.333,SQL,real_measurement,ok,not_applicable_penalized,0,0,0,none,0,09150b3d350455a3d469f62081cc9b4a1fced83ccaeb2496e82006845dc016d6,0
sub_1_r0,q_snb_expand_h3_0022,snb_real_queries,0.0,0.0,0.0,1.0,0.0,1.0,0.0,0.0,3.8555190563201904,3.8555190563201904,1.0,0.0,0.0,0.0,2.0,0.0,1.0,5.059582233428955,0.0,-1.0,-1.0,1.0,319.26,19.07,957.78,0.0,0.333,SQL,real_measurement,ok,not_applicable_penalized,0,0,0,none,0,e0ea180857ac86202d52dc6edabe70394fb09967b93ad7ac3fd6a86601f499fe,0
sub_1_r0,q_snb_expand_h3_0073,snb_real_queries,0.0,0.0,0.0,1.0,0.0,1.0,0.0,0.0,3.8555190563201904,3.8555190563201904,1.0,0.0,0.0,0.0,2.0,0.0,1.0,5.059582233428955,0.0,-1.0,-1.0,1.0,220.16,2.18,660.48,0.0,0.333,SQL,real_measurement,ok,not_applicable_penalized,0,0,0,none,0,6b5a0a97c21210d35d79495b1ae5ec84195c01fb0e8b0a1ecaaea1d9e3e3caf6,0
sub_0_r0,q_snb_expand_h3_0047,snb_real_queries,0.0,0.0,1.0,0.0,0.0,1.0,1.0,3.0,3.1872386932373047,0.3010300099849701,0.0010000000474974,23.58257484436035,391.0,1.3573168516159058,1.0,0.0,1.0,0.9542425274848938,13115.162109375,-1.0,-1.0,1.0,224.21,25.36,181.77,16.92,1.233,GRAPH,real_measurement,ok,ok,0,0,0,none,0,c7d824def2c6188c2eafe4479f5354b7ef2a586d01018beffe433f613f34f5f7,1
sub_0_r0,q_snb_real_0033,snb_real_queries,0.0,0.0,1.0,0.0,0.0,1.0,1.0,2.0,3.1872386932373047,0.3010300099849701,0.0010000000474974,23.58257484436035,391.0,1.3573168516159058,1.0,0.0,1.0,0.9542425274848938,556.1378173828125,-1.0,-1.0,1.0,148.11,0.0,55.7,0.0,2.659,GRAPH,real_measurement,ok,ok,0,0,0,none,0,e458682ca2e0d3bf39b04092fbfcf5b6d664356dfe0b764e331f6d9d03b148e1,1
sub_0_r0,q_ogb_real_0055,ogb_real_queries,0.0,0.0,1.0,0.0,0.0,1.0,1.0,3.0,5.1815690994262695,2.1818435192108154,0.0010000000474974,7.677550792694092,436.0,1.1782097816467283,1.0,0.0,1.0,3.082426309585572,68335.2890625,-1.0,-1.0,1.0,778.65,0.0,367.94,0.0,2.116,GRAPH,real_measurement,ok,ok,0,0,0,none,0,cea5baf411b1dc8cb51aa7b0b9de8d8f8f3c6cc915f55bf05a209f9902d6ba9b,1
sub_0_r0,q_snb_real_0010,snb_real_queries,0.0,0.0,1.0,0.0,0.0,1.0,1.0,2.0,3.1872386932373047,0.3010300099849701,0.0010000000474974,23.58257484436035,391.0,1.3573168516159058,1.0,0.0,1.0,0.9542425274848938,556.1378173828125,-1.0,-1.0,1.0,274.73,0.0,106.67,0.0,2.576,GRAPH,real_measurement,ok,ok,0,0,0,none,0,c5697af16435eb083d7b711d7525a5c160c014dfae7ddd0383c3151ed4b16cd3,1
sub_1_r0,q_snb_real_0015,snb_real_queries,0.0,0.0,0.0,1.0,0.0,1.0,0.0,0.0,3.8555190563201904,3.8555190563201904,1.0,0.0,0.0,0.0,2.0,0.0,1.0,5.059582233428955,0.0,-1.0,-1.0,1.0,257.17,16.92,771.51,0.0,0.333,SQL,real_measurement,ok,not_applicable_penalized,0,0,0,none,0,62420df39f56c950b07944b7060468d67153e96145724fe740002feddb144a0f,0
sub_0_r0,q_snb_expand_h3_0072,snb_real_queries,0.0,0.0,1.0,0.0,0.0,1.0,1.0,3.0,3.1872386932373047,0.3010300099849701,0.0010000000474974,23.58257484436035,391.0,1.3573168516159058,1.0,0.0,1.0,0.9542425274848938,13115.162109375,-1.0,-1.0,1.0,292.22,65.48,128.2,23.72,2.279,GRAPH,real_measurement,ok,ok,0,0,0,none,0,90b800f42e3f4ce42606471dc5601a8d54f4de6addfc3864d7dc795ba8cc9790,1
sub_1_r0,q_snb_expand_h3_0009,snb_real_queries,0.0,0.0,0.0,1.0,0.0,1.0,0.0,0.0,3.8555190563201904,3.8555190563201904,1.0,0.0,0.0,0.0,2.0,0.0,1.0,5.059582233428955,0.0,-1.0,-1.0,1.0,292.95,38.51,878.85,0.0,0.333,SQL,real_measurement,ok,not_applicable_penalized,0,0,0,none,0,a184724029cfd53e18a9286fb0bd4b12756c9ab16b3a5e66885b142da7712926,0
sub_1_r0,q_snb_expand_h3_0039,snb_real_queries,0.0,0.0,0.0,1.0,0.0,1.0,0.0,0.0,3.8555190563201904,3.8555190563201904,1.0,0.0,0.0,0.0,2.0,0.0,1.0,5.059582233428955,0.0,-1.0,-1.0,1.0,213.16,36.63,639.48,0.0,0.333,SQL,real_measurement,ok,not_applicable_penalized,0,0,0,none,0,46b1482b8a5b5d2e27a4b30091bd07671910c6b9103e0458b6e754b9799ea0a4,0
sub_1_r0,q_snb_expand_h3_0054,snb_real_queries,0.0,0.0,0.0,1.0,0.0,1.0,0.0,0.0,3.8555190563201904,3.8555190563201904,1.0,0.0,0.0,0.0,2.0,0.0,1.0,5.059582233428955,0.0,-1.0,-1.0,1.0,318.28,61.02,954.84,0.0,0.333,SQL,real_measurement,ok,not_applicable_penalized,0,0,0,none,0,0dd432bf22369fa132604e670f3158d545ee3760b09b9173a1f91c32da133f86,0
sub_0_r0,q_snb_real_0027,snb_real_queries,0.0,0.0,1.0,0.0,0.0,1.0,1.0,3.0,3.1872386932373047,0.3010300099849701,0.0010000000474974,23.58257484436035,391.0,1.3573168516159058,1.0,0.0,1.0,0.9542425274848938,13115.162109375,-1.0,-1.0,1.0,165.69,0.0,78.66,0.0,2.106,GRAPH,real_measurement,ok,ok,0,0,0,none,0,07db44b5daa59bac5d8c04aa6acbf4be6a3d6574eba0c7484619eaebc19b735a,1
sub_1_r0,q_snb_expand_h3_0047,snb_real_queries,0.0,0.0,0.0,1.0,0.0,1.0,0.0,0.0,3.8555190563201904,3.8555190563201904,1.0,0.0,0.0,0.0,2.0,0.0,1.0,5.059582233428955,0.0,-1.0,-1.0,1.0,184.23,2.71,552.69,0.0,0.333,SQL,real_measurement,ok,not_applicable_penalized,0,0,0,none,0,ea28a526f41638d6cffd92e0aee400d4e35273c6e825b1e65f8507e7c1bf06b9,0
sub_1_r0,q_snb_expand_h3_0046,snb_real_queries,0.0,0.0,0.0,1.0,0.0,1.0,0.0,0.0,3.8555190563201904,3.8555190563201904,1.0,0.0,0.0,0.0,2.0,0.0,1.0,5.059582233428955,0.0,-1.0,-1.0,1.0,484.77,72.99,1454.31,0.0,0.333,SQL,real_measurement,ok,not_applicable_penalized,0,0,0,none,0,b40b990ace221fd78589ef644a893bcade22fe356d2990aa9fc441764f8861d7,0
sub_1_r0,q_snb_expand_h3_0058,snb_real_queries,0.0,0.0,0.0,1.0,0.0,1.0,0.0,0.0,3.8555190563201904,3.8555190563201904,1.0,0.0,0.0,0.0,2.0,0.0,1.0,5.059582233428955,0.0,-1.0,-1.0,1.0,237.16,36.69,711.48,0.0,0.333,SQL,real_measurement,ok,not_applicable_penalized,0,0,0,none,0,a3ab39ba34c7662d8bddff5026cbef43159314915f0cbb1016f34c5c861ccd08,0
sub_0_r0,q_snb_expand_h3_0031,snb_real_queries,0.0,0.0,1.0,0.0,0.0,1.0,1.0,3.0,3.1872386932373047,0.3010300099849701,0.0010000000474974,23.58257484436035,391.0,1.3573168516159058,1.0,0.0,1.0,0.9542425274848938,13115.162109375,-1.0,-1.0,1.0,150.47,0.58,130.98,28.66,1.149,GRAPH,real_measurement,ok,ok,0,0,0,none,0,b0683d9284cc656e10dfbb4cfb2869646db3eb7cf71c4afc9d0c362c7111072d,1
sub_0_r0,q_snb_real_0001,snb_real_queries,0.0,0.0,1.0,0.0,0.0,1.0,1.0,2.0,3.1872386932373047,0.3010300099849701,0.0010000000474974,23.58257484436035,391.0,1.3573168516159058,1.0,0.0,1.0,0.9542425274848938,556.1378173828125,-1.0,-1.0,1.0,868.51,0.0,318.53,0.0,2.727,GRAPH,real_measurement,ok,ok,0,0,0,none,0,731845bdb6f49ce277e71c217fed62ee6d4da49b3988ac35c1a71d84097c9bd9,1
sub_0_r0,q_snb_expand_h3_0042,snb_real_queries,0.0,0.0,1.0,0.0,0.0,1.0,1.0,2.0,3.1872386932373047,0.3010300099849701,0.0010000000474974,23.58257484436035,391.0,1.3573168516159058,1.0,0.0,1.0,0.9542425274848938,556.1378173828125,-1.0,-1.0,1.0,133.37,6.54,178.46,39.93,0.747,SQL,real_measurement,ok,ok,0,0,0,none,0,b1ec7d42b2afaa854482430ae10c6b738fcd49ec838601e9334c03b3703dbd2d,0
sub_1_r0,q_snb_expand_h3_0036,snb_real_queries,0.0,0.0,0.0,1.0,0.0,1.0,0.0,0.0,3.8555190563201904,3.8555190563201904,1.0,0.0,0.0,0.0,2.0,0.0,1.0,5.059582233428955,0.0,-1.0,-1.0,1.0,233.11,10.39,699.33,0.0,0.333,SQL,real_measurement,ok,not_applicable_penalized,0,0,0,none,0,14a4f6631ba4a194733e792b1943c08f65ab51ed6ebd24c59c3136d6bdcf519d,0
sub_1_r0,q_snb_real_0004,snb_real_queries,0.0,0.0,0.0,1.0,0.0,1.0,0.0,0.0,3.8555190563201904,3.8555190563201904,1.0,0.0,0.0,0.0,2.0,0.0,1.0,5.059582233428955,0.0,-1.0,-1.0,1.0,394.86,0.0,1184.58,0.0,0.333,SQL,real_measurement,ok,not_applicable_penalized,0,0,0,none,0,2086f12f82c25550260e35906f7e57e3ca0ffb799ee6efcf8b4e99f6f6b424cc,0
sub_1_r0,q_snb_real_0016,snb_real_queries,0.0,0.0,0.0,1.0,0.0,1.0,0.0,0.0,3.8555190563201904,3.8555190563201904,1.0,0.0,0.0,0.0,2.0,0.0,1.0,5.059582233428955,0.0,-1.0,-1.0,1.0,309.76,47.1,929.28,0.0,0.333,SQL,real_measurement,ok,not_applicable_penalized,0,0,0,none,0,73b59cc08b18a8b9b626613c0c5ac078ec4a3b1219edb85fb3d04cc05b3a7244,0
sub_0_r0,q_snb_expand_h3_0010,snb_real_queries,0.0,0.0,1.0,0.0,0.0,1.0,1.0,2.0,3.1872386932373047,0.3010300099849701,0.0010000000474974,23.58257484436035,391.0,1.3573168516159058,1.0,0.0,1.0,0.9542425274848938,556.1378173828125,-1.0,-1.0,1.0,266.88,12.64,108.48,6.49,2.46,GRAPH,real_measurement,ok,ok,0,0,0,none,0,07ff4c9b54e4b3212af43d2540346dfb81577769a9fd360ee99a6e2228870494,1
sub_0_r0,q_snb_real_0004,snb_real_queries,0.0,0.0,1.0,0.0,0.0,1.0,1.0,3.0,3.1872386932373047,0.3010300099849701,0.0010000000474974,23.58257484436035,391.0,1.3573168516159058,1.0,0.0,1.0,0.9542425274848938,13115.162109375,-1.0,-1.0,1.0,279.17,0.0,124.59,0.0,2.241,GRAPH,real_measurement,ok,ok,0,0,0,none,0,b4e8a76d78afe93297dabdcdda3062083ad6003f1423a212fb1b84eb2e85a01c,1
sub_1_r0,q_snb_real_0022,snb_real_queries,0.0,0.0,0.0,1.0,0.0,1.0,0.0,0.0,3.8555190563201904,3.8555190563201904,1.0,0.0,0.0,0.0,2.0,0.0,1.0,5.059582233428955,0.0,-1.0,-1.0,1.0,139567.09,15299.16,418701.27,0.0,0.333,SQL,real_measurement,ok,not_applicable_penalized,0,0,0,none,0,246532f0ded9a80ebabd9bc538e2722181028435ca81c48df7119862ad01a4fd,0
sub_0_r0,q_snb_expand_h3_0072,snb_real_queries,0.0,0.0,1.0,0.0,0.0,1.0,1.0,3.0,3.1872386932373047,0.3010300099849701,0.0010000000474974,23.58257484436035,391.0,1.3573168516159058,1.0,0.0,1.0,0.9542425274848938,13115.162109375,-1.0,-1.0,1.0,292.22,65.48,128.2,23.72,2.279,GRAPH,real_measurement,ok,ok,0,0,0,none,0,90b800f42e3f4ce42606471dc5601a8d54f4de6addfc3864d7dc795ba8cc9790,1
sub_1_r0,q_snb_expand_h3_0066,snb_real_queries,0.0,0.0,0.0,1.0,0.0,1.0,0.0,0.0,3.8555190563201904,3.8555190563201904,1.0,0.0,0.0,0.0,2.0,0.0,1.0,5.059582233428955,0.0,-1.0,-1.0,1.0,306.82,10.29,920.46,0.0,0.333,SQL,real_measurement,ok,not_applicable_penalized,0,0,0,none,0,97a59c9b6480cab965b51972b883f24507dd328e83e2c88c68ccaa79282ae865,0
sub_0_r0,q_snb_expand_h3_0053,snb_real_queries,0.0,0.0,1.0,0.0,0.0,1.0,1.0,2.0,3.1872386932373047,0.3010300099849701,0.0010000000474974,23.58257484436035,391.0,1.3573168516159058,1.0,0.0,1.0,0.9542425274848938,556.1378173828125,-1.0,-1.0,1.0,190.97,25.69,105.25,5.15,1.814,GRAPH,real_measurement,ok,ok,0,0,0,none,0,7cf7a4f23d1d8098e9f50c305cfdeca39afeb3be24f7dd99afc7255d6df0be38,1
sub_0_r0,q_snb_expand_h3_0001,snb_real_queries,0.0,0.0,1.0,0.0,0.0,1.0,1.0,2.0,3.1872386932373047,0.3010300099849701,0.0010000000474974,23.58257484436035,391.0,1.3573168516159058,1.0,0.0,1.0,0.9542425274848938,556.1378173828125,-1.0,-1.0,1.0,656.3,27.08,240.58,2.11,2.728,GRAPH,real_measurement,ok,ok,0,0,0,none,0,efa47e1c7f082313f28ac58a7bf0759455dc789020e1827c62048f69cb6d8629,1
sub_0_r0,q_snb_expand_h3_0009,snb_real_queries,0.0,0.0,1.0,0.0,0.0,1.0,1.0,2.0,3.1872386932373047,0.3010300099849701,0.0010000000474974,23.58257484436035,391.0,1.3573168516159058,1.0,0.0,1.0,0.9542425274848938,556.1378173828125,-1.0,-1.0,1.0,181.34,16.97,97.53,5.64,1.859,GRAPH,real_measurement,ok,ok,0,0,0,none,0,b7c15a2a42390f0c1c535dd2e170d9c3ac24c49ec0624d7e5218664a271876f0,1
sub_0_r0,q_snb_real_0036,snb_real_queries,0.0,0.0,1.0,0.0,0.0,1.0,1.0,3.0,3.1872386932373047,0.3010300099849701,0.0010000000474974,23.58257484436035,391.0,1.3573168516159058,1.0,0.0,1.0,0.9542425274848938,13115.162109375,-1.0,-1.0,1.0,198.93,0.0,62.49,0.0,3.183,GRAPH,real_measurement,ok,ok,0,0,0,none,0,abe7d110446aff956af622e3cd686b97e780cbafbb774ea4dcd0815fc7fe323e,1
sub_1_r0,q_snb_real_0036,snb_real_queries,0.0,0.0,0.0,1.0,0.0,1.0,0.0,0.0,3.8555190563201904,3.8555190563201904,1.0,0.0,0.0,0.0,2.0,0.0,1.0,5.059582233428955,0.0,-1.0,-1.0,1.0,222.2,0.0,666.6,0.0,0.333,SQL,real_measurement,ok,not_applicable_penalized,0,0,0,none,0,7ec44e8aeb2ab52ae2d23853f99ed05e3fc2adbe9d9b1941060b10374de2f6ca,0
sub_1_r0,q_snb_expand_h3_0082,snb_real_queries,0.0,0.0,0.0,1.0,0.0,1.0,0.0,0.0,3.8555190563201904,3.8555190563201904,1.0,0.0,0.0,0.0,2.0,0.0,1.0,5.059582233428955,0.0,-1.0,-1.0,1.0,188.5,7.89,565.5,0.0,0.333,SQL,real_measurement,ok,not_applicable_penalized,0,0,0,none,0,6da961ad476d19eaf0def7209470c4a93fec9f5d3bd6067d37e0f4fa5fd2ebc5,0
sub_1_r0,q_snb_expand_h3_0072,snb_real_queries,0.0,0.0,0.0,1.0,0.0,1.0,0.0,0.0,3.8555190563201904,3.8555190563201904,1.0,0.0,0.0,0.0,2.0,0.0,1.0,5.059582233428955,0.0,-1.0,-1.0,1.0,365.32,1.0,1095.96,0.0,0.333,SQL,real_measurement,ok,not_applicable_penalized,0,0,0,none,0,e740ff816bc8d6892808c613d1027e405ba623b34af44565d570f8fb021812f4,0
sub_0_r0,q_snb_expand_h3_0039,snb_real_queries,0.0,0.0,1.0,0.0,0.0,1.0,1.0,3.0,3.1872386932373047,0.3010300099849701,0.0010000000474974,23.58257484436035,391.0,1.3573168516159058,1.0,0.0,1.0,0.9542425274848938,13115.162109375,-1.0,-1.0,1.0,146.51,12.03,153.04,39.57,0.957,SQL,real_measurement,ok,ok,0,0,0,none,0,63c27563036991a260cdf4b67b5daa554b49587aae254b0f87d986082b4ec210,0
sub_0_r0,q_snb_real_0017,snb_real_queries,0.0,0.0,1.0,0.0,0.0,1.0,1.0,2.0,3.1872386932373047,0.3010300099849701,0.0010000000474974,23.58257484436035,391.0,1.3573168516159058,1.0,0.0,1.0,0.9542425274848938,556.1378173828125,-1.0,-1.0,1.0,1660.96,0.0,256.72,0.0,6.47,GRAPH,real_measurement,ok,ok,0,0,0,none,0,7820ae9aa263d102a489e381dfef5e3feb6ee238e0e6674ce4be0df4e9253394,1
sub_0_r0,q_snb_real_0020,snb_real_queries,0.0,0.0,1.0,0.0,0.0,1.0,1.0,3.0,3.1872386932373047,0.3010300099849701,0.0010000000474974,23.58257484436035,391.0,1.3573168516159058,1.0,0.0,1.0,0.9542425274848938,13115.162109375,-1.0,-1.0,1.0,8522.7,0.0,149.36,0.0,57.061,GRAPH,real_measurement,ok,ok,0,0,0,none,0,0e91fcb1ba36f1880e629153e5c039a075194de0ec60185725e50dafc7622d27,1
sub_0_r0,q_ogb_real_0020,ogb_real_queries,0.0,0.0,1.0,0.0,0.0,1.0,1.0,3.0,5.1815690994262695,2.1818435192108154,0.0010000000474974,7.677550792694092,436.0,1.1782097816467283,1.0,0.0,1.0,3.082426309585572,68335.2890625,-1.0,-1.0,1.0,17292.13,0.0,485.95,0.0,35.584,GRAPH,real_measurement,ok,ok,0,0,0,none,0,f29372ff70bb85e15e028be81d79ae1819be4306ce7bc381d1ce0a5b604e7e9c,1
sub_0_r0,q_snb_expand_h3_0029,snb_real_queries,0.0,0.0,1.0,0.0,0.0,1.0,1.0,2.0,3.1872386932373047,0.3010300099849701,0.0010000000474974,23.58257484436035,391.0,1.3573168516159058,1.0,0.0,1.0,0.9542425274848938,556.1378173828125,-1.0,-1.0,1.0,182.06,7.61,138.66,11.73,1.313,GRAPH,real_measurement,ok,ok,0,0,0,none,0,8b7946e3fdc7543c3e8a78392e8413f524e830098ff935fb95fb702d512dfb52,1
sub_0_r0,q_snb_expand_h3_0083,snb_real_queries,0.0,0.0,1.0,0.0,0.0,1.0,1.0,3.0,3.1872386932373047,0.3010300099849701,0.0010000000474974,23.58257484436035,391.0,1.3573168516159058,1.0,0.0,1.0,0.9542425274848938,13115.162109375,-1.0,-1.0,1.0,184.42,29.3,110.12,16.43,1.675,GRAPH,real_measurement,ok,ok,0,0,0,none,0,476f519dc6a99a611adc9fc8efdf487f88d4c422f5d839b646c72e4f20604ecf,1
sub_0_r0,q_ogb_real_0043,ogb_real_queries,0.0,0.0,1.0,0.0,0.0,1.0,1.0,3.0,5.1815690994262695,2.1818435192108154,0.0010000000474974,7.677550792694092,436.0,1.1782097816467283,1.0,0.0,1.0,3.082426309585572,68335.2890625,-1.0,-1.0,1.0,429.98,0.0,373.56,0.0,1.151,GRAPH,real_measurement,ok,ok,0,0,0,none,0,63b4a29f3ac10af4cf7106facff82b2da9b3863d4fe01a73f232c245682493b6,1
sub_0_r0,q_snb_expand_h3_0036,snb_real_queries,0.0,0.0,1.0,0.0,0.0,1.0,1.0,3.0,3.1872386932373047,0.3010300099849701,0.0010000000474974,23.58257484436035,391.0,1.3573168516159058,1.0,0.0,1.0,0.9542425274848938,13115.162109375,-1.0,-1.0,1.0,281.17,2.05,179.84,39.37,1.563,GRAPH,real_measurement,ok,ok,0,0,0,none,0,845ae0c315f183ecefa5fd51d0ba789141c33dfe2668fbc499b6329692225540,1
sub_1_r0,q_snb_real_0003,snb_real_queries,0.0,0.0,0.0,1.0,0.0,1.0,0.0,0.0,3.8555190563201904,3.8555190563201904,1.0,0.0,0.0,0.0,2.0,0.0,1.0,5.059582233428955,0.0,-1.0,-1.0,1.0,361.6,0.0,1084.8,0.0,0.333,SQL,real_measurement,ok,not_applicable_penalized,0,0,0,none,0,73acdb66be8a7f5ccf23fd2d5920cec15239f1b3912940ecdd1a07e05e25c939,0
sub_1_r0,q_snb_expand_h3_0008,snb_real_queries,0.0,0.0,0.0,1.0,0.0,1.0,0.0,0.0,3.8555190563201904,3.8555190563201904,1.0,0.0,0.0,0.0,2.0,0.0,1.0,5.059582233428955,0.0,-1.0,-1.0,1.0,349.72,3.67,1049.16,0.0,0.333,SQL,real_measurement,ok,not_applicable_penalized,0,0,0,none,0,5d9100faeb223d919b5e61b7194d890fc6fb1a39c12a40746b3cfff73fd80957,0
sub_1_r0,q_snb_real_0027,snb_real_queries,0.0,0.0,0.0,1.0,0.0,1.0,0.0,0.0,3.8555190563201904,3.8555190563201904,1.0,0.0,0.0,0.0,2.0,0.0,1.0,5.059582233428955,0.0,-1.0,-1.0,1.0,190.04,0.0,570.12,0.0,0.333,SQL,real_measurement,ok,not_applicable_penalized,0,0,0,none,0,b017a5264b30c882191308bf49949ed302375245371f072355db6ea12f3d0c50,0
sub_1_r0,q_ogb_real_0055,ogb_real_queries,0.0,0.0,0.0,1.0,0.0,1.0,0.0,0.0,3.8555190563201904,3.8555190563201904,1.0,0.0,0.0,0.0,2.0,0.0,1.0,5.059582233428955,0.0,-1.0,-1.0,1.0,1008.05,0.0,3024.15,0.0,0.333,SQL,real_measurement,ok,not_applicable_penalized,0,0,0,none,0,2a13d909e3115610e7bafeaa456e25edf3b3dbff72dd6806a98872b6def6dc60,0
sub_1_r0,q_ogb_real_0002,ogb_real_queries,0.0,0.0,0.0,1.0,0.0,1.0,0.0,0.0,3.8555190563201904,3.8555190563201904,1.0,0.0,0.0,0.0,2.0,0.0,1.0,5.059582233428955,0.0,-1.0,-1.0,1.0,21546.29,0.0,64638.87,0.0,0.333,SQL,real_measurement,ok,not_applicable_penalized,0,0,0,none,0,712a5461683741e5583809f3e353657c04c172726c4963fe8a627f42e5bf3a31,0
sub_0_r0,q_snb_expand_h3_0076,snb_real_queries,0.0,0.0,1.0,0.0,0.0,1.0,1.0,3.0,3.1872386932373047,0.3010300099849701,0.0010000000474974,23.58257484436035,391.0,1.3573168516159058,1.0,0.0,1.0,0.9542425274848938,13115.162109375,-1.0,-1.0,1.0,249.19,41.8,68.03,1.12,3.663,GRAPH,real_measurement,ok,ok,0,0,0,none,0,7fd9a35c562b894bbd6a54cea13a643c1bffa23e535c0b4e789beb18538323c7,1
sub_0_r0,q_snb_expand_h3_0029,snb_real_queries,0.0,0.0,1.0,0.0,0.0,1.0,1.0,2.0,3.1872386932373047,0.3010300099849701,0.0010000000474974,23.58257484436035,391.0,1.3573168516159058,1.0,0.0,1.0,0.9542425274848938,556.1378173828125,-1.0,-1.0,1.0,182.06,7.61,138.66,11.73,1.313,GRAPH,real_measurement,ok,ok,0,0,0,none,0,8b7946e3fdc7543c3e8a78392e8413f524e830098ff935fb95fb702d512dfb52,1
sub_0_r0,q_ogb_real_0003,ogb_real_queries,0.0,0.0,1.0,0.0,0.0,1.0,1.0,4.0,5.1815690994262695,2.1818435192108154,0.0010000000474974,7.677550792694092,436.0,1.1782097816467283,1.0,0.0,1.0,3.082426309585572,524647.6875,-1.0,-1.0,1.0,3222.13,0.0,160.46,0.0,20.081,GRAPH,real_measurement,ok,ok,0,0,0,none,0,ca13ff5c1a858360f03bd983af0844de777bb39bce85d083883043332543a11f,1
sub_0_r0,q_snb_real_0025,snb_real_queries,0.0,0.0,1.0,0.0,0.0,1.0,1.0,2.0,3.1872386932373047,0.3010300099849701,0.0010000000474974,23.58257484436035,391.0,1.3573168516159058,1.0,0.0,1.0,0.9542425274848938,556.1378173828125,-1.0,-1.0,1.0,225.61,0.0,146.38,0.0,1.541,GRAPH,real_measurement,ok,ok,0,0,0,none,0,c26be65bcc1ceabb60c0cd2598a275b811d48e4c1b94d4ac78cef68a99a66062,1
sub_0_r0,q_ogb_real_0043,ogb_real_queries,0.0,0.0,1.0,0.0,0.0,1.0,1.0,3.0,5.1815690994262695,2.1818435192108154,0.0010000000474974,7.677550792694092,436.0,1.1782097816467283,1.0,0.0,1.0,3.082426309585572,68335.2890625,-1.0,-1.0,1.0,429.98,0.0,373.56,0.0,1.151,GRAPH,real_measurement,ok,ok,0,0,0,none,0,63b4a29f3ac10af4cf7106facff82b2da9b3863d4fe01a73f232c245682493b6,1
sub_0_r0,q_snb_real_0019,snb_real_queries,0.0,0.0,1.0,0.0,0.0,1.0,1.0,3.0,3.1872386932373047,0.3010300099849701,0.0010000000474974,23.58257484436035,391.0,1.3573168516159058,1.0,0.0,1.0,0.9542425274848938,13115.162109375,-1.0,-1.0,1.0,3365.92,0.0,135.89,0.0,24.769,GRAPH,real_measurement,ok,ok,0,0,0,none,0,bff57a2d2ad8351e47010ed97b8d6115a3f436de53a4a79eccbb30b2846f85d0,1
sub_1_r0,q_ogb_real_0001,ogb_real_queries,0.0,0.0,0.0,1.0,0.0,1.0,0.0,0.0,3.8555190563201904,3.8555190563201904,1.0,0.0,0.0,0.0,2.0,0.0,1.0,5.059582233428955,0.0,-1.0,-1.0,1.0,7647.26,0.0,22941.78,0.0,0.333,SQL,real_measurement,ok,not_applicable_penalized,0,0,0,none,0,4d6aaf1153cc729de03e40fa2124213ac80dd47d0f3db2fbf94d97f21df59093,0
sub_0_r0,q_snb_expand_h3_0069,snb_real_queries,0.0,0.0,1.0,0.0,0.0,1.0,1.0,2.0,3.1872386932373047,0.3010300099849701,0.0010000000474974,23.58257484436035,391.0,1.3573168516159058,1.0,0.0,1.0,0.9542425274848938,556.1378173828125,-1.0,-1.0,1.0,221.7,55.11,110.17,16.63,2.012,GRAPH,real_measurement,ok,ok,0,0,0,none,0,8a03761d98654932998cc3bd8a894e0c7b42e75b7fc9b867feaa98a9c24b1e5a,1
sub_0_r0,q_snb_expand_h3_0032,snb_real_queries,0.0,0.0,1.0,0.0,0.0,1.0,1.0,3.0,3.1872386932373047,0.3010300099849701,0.0010000000474974,23.58257484436035,391.0,1.3573168516159058,1.0,0.0,1.0,0.9542425274848938,13115.162109375,-1.0,-1.0,1.0,182.64,1.71,140.78,38.07,1.297,GRAPH,real_measurement,ok,ok,0,0,0,none,0,c4c5243812fb566a3daaaea52e85858e89e8a3b6a776254c840c3b6236d20801,1
sub_1_r0,q_ogb_real_0003,ogb_real_queries,0.0,0.0,0.0,1.0,0.0,1.0,0.0,0.0,3.8555190563201904,3.8555190563201904,1.0,0.0,0.0,0.0,2.0,0.0,1.0,5.059582233428955,0.0,-1.0,-1.0,1.0,3891.89,0.0,11675.67,0.0,0.333,SQL,real_measurement,ok,not_applicable_penalized,0,0,0,none,0,07f9526d37cfcfad58bd3c957629e983ad4f81b6d31bdffb2a6894defcf11693,0
sub_1_r0,q_snb_real_0023,snb_real_queries,0.0,0.0,0.0,1.0,0.0,1.0,0.0,0.0,3.8555190563201904,3.8555190563201904,1.0,0.0,0.0,0.0,2.0,0.0,1.0,5.059582233428955,0.0,-1.0,-1.0,1.0,26097.74,307.11,78293.22,0.0,0.333,SQL,real_measurement,ok,not_applicable_penalized,0,0,0,none,0,66c85dad8de0adda750dcc590de58e5bb10d96d036f052f07b58d073bd794728,0
sub_0_r0,q_snb_real_0012,snb_real_queries,0.0,0.0,1.0,0.0,0.0,1.0,1.0,3.0,3.1872386932373047,0.3010300099849701,0.0010000000474974,23.58257484436035,391.0,1.3573168516159058,1.0,0.0,1.0,0.9542425274848938,13115.162109375,-1.0,-1.0,1.0,257.13,0.0,98.12,0.0,2.621,GRAPH,real_measurement,ok,ok,0,0,0,none,0,4d8dc4eb781b9577785b816017ea0535e6b848b62ba17ae1190027147db22e99,1
sub_0_r0,q_snb_real_0010,snb_real_queries,0.0,0.0,1.0,0.0,0.0,1.0,1.0,2.0,3.1872386932373047,0.3010300099849701,0.0010000000474974,23.58257484436035,391.0,1.3573168516159058,1.0,0.0,1.0,0.9542425274848938,556.1378173828125,-1.0,-1.0,1.0,274.73,0.0,106.67,0.0,2.576,GRAPH,real_measurement,ok,ok,0,0,0,none,0,c5697af16435eb083d7b711d7525a5c160c014dfae7ddd0383c3151ed4b16cd3,1
sub_0_r0,q_snb_real_0034,snb_real_queries,0.0,0.0,1.0,0.0,0.0,1.0,1.0,2.0,3.1872386932373047,0.3010300099849701,0.0010000000474974,23.58257484436035,391.0,1.3573168516159058,1.0,0.0,1.0,0.9542425274848938,556.1378173828125,-1.0,-1.0,1.0,154.46,0.0,72.83,0.0,2.121,GRAPH,real_measurement,ok,ok,0,0,0,none,0,89540594fd2175ce6078800616d4bc8a5dad209a18fea189d82c29f2580aeb07,1
sub_1_r0,q_snb_expand_h3_0006,snb_real_queries,0.0,0.0,0.0,1.0,0.0,1.0,0.0,0.0,3.8555190563201904,3.8555190563201904,1.0,0.0,0.0,0.0,2.0,0.0,1.0,5.059582233428955,0.0,-1.0,-1.0,1.0,442.86,22.3,1328.58,0.0,0.333,SQL,real_measurement,ok,not_applicable_penalized,0,0,0,none,0,cd5f739998eaeb15b2007e98a32833badbdcd0dfba79e8a49e68eab787eaad34,0
sub_1_r0,q_snb_expand_h3_0084,snb_real_queries,0.0,0.0,0.0,1.0,0.0,1.0,0.0,0.0,3.8555190563201904,3.8555190563201904,1.0,0.0,0.0,0.0,2.0,0.0,1.0,5.059582233428955,0.0,-1.0,-1.0,1.0,330.09,58.16,990.27,0.0,0.333,SQL,real_measurement,ok,not_applicable_penalized,0,0,0,none,0,c57d3043cc79ebe7e632ba1c17514b77d51e9f27485cd7ad09f1b275aa5b7b08,0
sub_1_r0,q_ogb_real_0031,ogb_real_queries,0.0,0.0,0.0,1.0,0.0,1.0,0.0,0.0,3.8555190563201904,3.8555190563201904,1.0,0.0,0.0,0.0,2.0,0.0,1.0,5.059582233428955,0.0,-1.0,-1.0,1.0,5316.51,0.0,15949.53,0.0,0.333,SQL,real_measurement,ok,not_applicable_penalized,0,0,0,none,0,f6eaab65bab837363e0637192cc7e90205ac6c80a3e30aeb93fa951d470cfcd5,0
sub_1_r0,q_snb_expand_h3_0041,snb_real_queries,0.0,0.0,0.0,1.0,0.0,1.0,0.0,0.0,3.8555190563201904,3.8555190563201904,1.0,0.0,0.0,0.0,2.0,0.0,1.0,5.059582233428955,0.0,-1.0,-1.0,1.0,273.61,11.38,820.83,0.0,0.333,SQL,real_measurement,ok,not_applicable_penalized,0,0,0,none,0,aaa76c7283f9853875affe62228d73b6e24492ae5bd7d72638190c1b0d67719f,0
sub_0_r0,q_snb_real_0002,snb_real_queries,0.0,0.0,1.0,0.0,0.0,1.0,1.0,2.0,3.1872386932373047,0.3010300099849701,0.0010000000474974,23.58257484436035,391.0,1.3573168516159058,1.0,0.0,1.0,0.9542425274848938,556.1378173828125,-1.0,-1.0,1.0,503.96,0.0,242.74,0.0,2.076,GRAPH,real_measurement,ok,ok,0,0,0,none,0,0ac2c31c8fa1a29e661a6936baa6444ecaf3e0b76de3c69626dcf08f6208278d,1
sub_1_r0,q_snb_real_0011,snb_real_queries,0.0,0.0,0.0,1.0,0.0,1.0,0.0,0.0,3.8555190563201904,3.8555190563201904,1.0,0.0,0.0,0.0,2.0,0.0,1.0,5.059582233428955,0.0,-1.0,-1.0,1.0,205.04,0.0,615.12,0.0,0.333,SQL,real_measurement,ok,not_applicable_penalized,0,0,0,none,0,9965ddfe119556852db758838b47d07571ed71ec08621f53c4e1f3f94483998f,0
sub_0_r0,q_snb_expand_h3_0072,snb_real_queries,0.0,0.0,1.0,0.0,0.0,1.0,1.0,3.0,3.1872386932373047,0.3010300099849701,0.0010000000474974,23.58257484436035,391.0,1.3573168516159058,1.0,0.0,1.0,0.9542425274848938,13115.162109375,-1.0,-1.0,1.0,292.22,65.48,128.2,23.72,2.279,GRAPH,real_measurement,ok,ok,0,0,0,none,0,90b800f42e3f4ce42606471dc5601a8d54f4de6addfc3864d7dc795ba8cc9790,1
sub_0_r0,q_ogb_real_0055,ogb_real_queries,0.0,0.0,1.0,0.0,0.0,1.0,1.0,3.0,5.1815690994262695,2.1818435192108154,0.0010000000474974,7.677550792694092,436.0,1.1782097816467283,1.0,0.0,1.0,3.082426309585572,68335.2890625,-1.0,-1.0,1.0,778.65,0.0,367.94,0.0,2.116,GRAPH,real_measurement,ok,ok,0,0,0,none,0,cea5baf411b1dc8cb51aa7b0b9de8d8f8f3c6cc915f55bf05a209f9902d6ba9b,1
sub_0_r0,q_ogb_real_0050,ogb_real_queries,0.0,0.0,1.0,0.0,0.0,1.0,1.0,3.0,5.1815690994262695,2.1818435192108154,0.0010000000474974,7.677550792694092,436.0,1.1782097816467283,1.0,0.0,1.0,3.082426309585572,68335.2890625,-1.0,-1.0,1.0,19064.95,0.0,197.5,0.0,96.531,GRAPH,real_measurement,ok,ok,0,0,0,none,0,79de9ae0afa86939041ea11447f80ed18ea80ae6e7e16c786c5c068db52a9f1e,1
sub_0_r0,q_snb_expand_h3_0063,snb_real_queries,0.0,0.0,1.0,0.0,0.0,1.0,1.0,3.0,3.1872386932373047,0.3010300099849701,0.0010000000474974,23.58257484436035,391.0,1.3573168516159058,1.0,0.0,1.0,0.9542425274848938,13115.162109375,-1.0,-1.0,1.0,237.4,27.05,182.06,27.11,1.304,GRAPH,real_measurement,ok,ok,0,0,0,none,0,9b33e886efa80b6e6f9dbc13e173ed5dd7c63deb4c2683dbb89577eb4e190c12,1
sub_1_r0,q_snb_expand_h3_0048,snb_real_queries,0.0,0.0,0.0,1.0,0.0,1.0,0.0,0.0,3.8555190563201904,3.8555190563201904,1.0,0.0,0.0,0.0,2.0,0.0,1.0,5.059582233428955,0.0,-1.0,-1.0,1.0,306.49,60.38,919.47,0.0,0.333,SQL,real_measurement,ok,not_applicable_penalized,0,0,0,none,0,29030f9ab652f6ad67f2fe514b770df1a599b94d0df8dbc745745cdc66851684,0
sub_0_r0,q_snb_expand_h3_0088,snb_real_queries,0.0,0.0,1.0,0.0,0.0,1.0,1.0,3.0,3.1872386932373047,0.3010300099849701,0.0010000000474974,23.58257484436035,391.0,1.3573168516159058,1.0,0.0,1.0,0.9542425274848938,13115.162109375,-1.0,-1.0,1.0,191.3,22.93,187.22,59.08,1.022,GRAPH,real_measurement,ok,ok,0,0,0,none,0,d30e5535473698daffc1bc8a904df75ef48760b340b52edfe53ff5862d5f2f6c,1
sub_1_r0,q_snb_expand_h3_0023,snb_real_queries,0.0,0.0,0.0,1.0,0.0,1.0,0.0,0.0,3.8555190563201904,3.8555190563201904,1.0,0.0,0.0,0.0,2.0,0.0,1.0,5.059582233428955,0.0,-1.0,-1.0,1.0,307.29,23.08,921.87,0.0,0.333,SQL,real_measurement,ok,not_applicable_penalized,0,0,0,none,0,9706efed30dc27bdfde46fa30759000bc10edd2b3b7cf16d2c736c7802bd0bcb,0
sub_1_r0,q_snb_expand_h3_0083,snb_real_queries,0.0,0.0,0.0,1.0,0.0,1.0,0.0,0.0,3.8555190563201904,3.8555190563201904,1.0,0.0,0.0,0.0,2.0,0.0,1.0,5.059582233428955,0.0,-1.0,-1.0,1.0,166.1,4.33,498.3,0.0,0.333,SQL,real_measurement,ok,not_applicable_penalized,0,0,0,none,0,e6e4d6e03d33d7cff6db7aca4fd2277a5fea7e9b94dc1021c2e3eb1da3e033f2,0
sub_1_r0,q_snb_expand_h3_0074,snb_real_queries,0.0,0.0,0.0,1.0,0.0,1.0,0.0,0.0,3.8555190563201904,3.8555190563201904,1.0,0.0,0.0,0.0,2.0,0.0,1.0,5.059582233428955,0.0,-1.0,-1.0,1.0,258.4,30.06,775.2,0.0,0.333,SQL,real_measurement,ok,not_applicable_penalized,0,0,0,none,0,21298235fa604228627578003b808408e33dbbbc7ad77cdc231c8174115eeb36,0
sub_1_r0,q_snb_real_0008,snb_real_queries,0.0,0.0,0.0,1.0,0.0,1.0,0.0,0.0,3.8555190563201904,3.8555190563201904,1.0,0.0,0.0,0.0,2.0,0.0,1.0,5.059582233428955,0.0,-1.0,-1.0,1.0,422.12,13.05,1266.36,0.0,0.333,SQL,real_measurement,ok,not_applicable_penalized,0,0,0,none,0,b5ce59a2dbb2820630bb93a1626c85bcf9ec759679af2ba60712574a114c3002,0
sub_0_r0,q_snb_expand_h3_0010,snb_real_queries,0.0,0.0,1.0,0.0,0.0,1.0,1.0,2.0,3.1872386932373047,0.3010300099849701,0.0010000000474974,23.58257484436035,391.0,1.3573168516159058,1.0,0.0,1.0,0.9542425274848938,556.1378173828125,-1.0,-1.0,1.0,266.88,12.64,108.48,6.49,2.46,GRAPH,real_measurement,ok,ok,0,0,0,none,0,07ff4c9b54e4b3212af43d2540346dfb81577769a9fd360ee99a6e2228870494,1
sub_1_r0,q_snb_expand_h3_0004,snb_real_queries,0.0,0.0,0.0,1.0,0.0,1.0,0.0,0.0,3.8555190563201904,3.8555190563201904,1.0,0.0,0.0,0.0,2.0,0.0,1.0,5.059582233428955,0.0,-1.0,-1.0,1.0,338.57,18.3,1015.71,0.0,0.333,SQL,real_measurement,ok,not_applicable_penalized,0,0,0,none,0,ccd5e1226f39daebb93d60239eaac447e204738f92770da4094e605e57d00c52,0
