sub_id,query_id,dataset,op_count_filter,op_count_join,op_count_traversal,op_count_aggregate,op_count_map,ast_depth,has_traversal,max_hops,input_cardinality_log,output_cardinality_log,selectivity,avg_degree,max_degree,degree_skew,num_projected_columns,has_index,join_fanout,estimated_shuffle_bytes_log,estimated_traversal_ops,hist_avg_runtime_ms,hist_runtime_variance,num_tables_joined,sql_runtime_ms,graph_runtime_ms,label
sub_0,q_snb_001,snb,0.0,0.0,1.0,0.0,0.0,1.0,1.0,2.0,3.8555190563201904,0.9030900001525879,0.0010000000474974513,6.970986366271973,465.0,2.297023057937622,2.0,0.0,1.0,2.0530784130096436,340.16253662109375,-1.0,-1.0,1.0,536.715,13.267,GRAPH
sub_1,q_snb_001,snb,0.0,1.0,0.0,0.0,0.0,1.0,0.0,0.0,3.8555190563201904,3.8555190563201904,1.0,0.0,0.0,0.0,3.0,0.0,1.0,5.235672473907471,0.0,-1.0,-1.0,2.0,65.023,91.703,SQL
sub_2,q_snb_001,snb,0.0,0.0,0.0,1.0,0.0,1.0,0.0,0.0,3.8555190563201904,3.8555190563201904,1.0,0.0,0.0,0.0,2.0,0.0,1.0,5.059582233428955,0.0,-1.0,-1.0,1.0,29.538,70.941,SQL
sub_0,q_snb_002,snb,0.0,0.0,1.0,0.0,0.0,1.0,1.0,2.0,3.8555190563201904,0.9030900001525879,0.0010000000474974513,6.970986366271973,465.0,2.297023057937622,3.0,0.0,1.0,2.22788667678833,340.16253662109375,-1.0,-1.0,1.0,576.182,11.863,GRAPH
sub_1,q_snb_002,snb,1.0,1.0,0.0,1.0,0.0,3.0,0.0,0.0,3.8555190563201904,2.8555190563201904,0.10000000149011612,0.0,0.0,0.0,2.0,0.0,1.0,4.059071063995361,0.0,-1.0,-1.0,2.0,45.819,121.894,SQL
sub_0,q_snb_003,snb,0.0,0.0,1.0,0.0,0.0,1.0,1.0,1.0,3.8555190563201904,0.9030900001525879,0.0010000000474974513,6.970986366271973,465.0,2.297023057937622,2.0,0.0,1.0,2.0530784130096436,48.79690170288086,-1.0,-1.0,1.0,220.42,10.535,GRAPH
sub_1,q_snb_003,snb,0.0,1.0,0.0,0.0,0.0,1.0,0.0,0.0,3.8555190563201904,3.8555190563201904,1.0,0.0,0.0,0.0,3.0,0.0,1.0,5.235672473907471,0.0,-1.0,-1.0,2.0,61.139,102.251,SQL
sub_2,q_snb_003,snb,0.0,0.0,0.0,1.0,0.0,1.0,0.0,0.0,3.8555190563201904,3.8555190563201904,1.0,0.0,0.0,0.0,2.0,0.0,1.0,5.059582233428955,0.0,-1.0,-1.0,1.0,30.114,74.731,SQL
sub_0,q_snb_004,snb,0.0,0.0,1.0,0.0,0.0,1.0,1.0,3.0,3.8555190563201904,0.9030900001525879,0.0010000000474974513,6.970986366271973,465.0,2.297023057937622,1.0,0.0,1.0,1.7558748722076416,2371.268310546875,-1.0,-1.0,1.0,1820.761,24.576,GRAPH
sub_1,q_snb_004,snb,0.0,1.0,0.0,0.0,0.0,1.0,0.0,0.0,3.8555190563201904,3.8555190563201904,1.0,0.0,0.0,0.0,3.0,0.0,1.0,5.235672473907471,0.0,-1.0,-1.0,2.0,57.684,84.968,SQL
sub_2,q_snb_004,snb,0.0,0.0,0.0,1.0,0.0,1.0,0.0,0.0,3.8555190563201904,3.8555190563201904,1.0,0.0,0.0,0.0,3.0,0.0,1.0,5.235672473907471,0.0,-1.0,-1.0,1.0,31.102,81.691,SQL
sub_0,q_snb_005,snb,0.0,0.0,1.0,0.0,0.0,1.0,1.0,2.0,3.8555190563201904,0.9030900001525879,0.0010000000474974513,6.970986366271973,465.0,2.297023057937622,2.0,0.0,1.0,2.0530784130096436,340.16253662109375,-1.0,-1.0,1.0,463.667,12.341,GRAPH
sub_1,q_snb_005,snb,1.0,0.0,0.0,0.0,0.0,1.0,0.0,0.0,3.8555190563201904,2.8555190563201904,0.10000000149011612,0.0,0.0,0.0,1.0,0.0,1.0,3.7580788135528564,0.0,-1.0,-1.0,1.0,17.681,75.129,SQL
sub_0,q_synth_001,synthetic,0.0,0.0,1.0,0.0,0.0,1.0,1.0,2.0,3.8555190563201904,0.9030900001525879,0.0010000000474974513,6.970986366271973,465.0,2.297023057937622,2.0,0.0,1.0,2.0530784130096436,340.16253662109375,-1.0,-1.0,1.0,518.123,13.794,GRAPH
sub_0,q_synth_002,synthetic,0.0,0.0,1.0,0.0,0.0,1.0,1.0,1.0,3.8555190563201904,0.9030900001525879,0.0010000000474974513,6.970986366271973,465.0,2.297023057937622,1.0,0.0,1.0,1.7558748722076416,48.79690170288086,-1.0,-1.0,1.0,217.492,11.594,GRAPH
sub_1,q_synth_002,synthetic,0.0,0.0,0.0,1.0,0.0,1.0,0.0,0.0,3.8555190563201904,3.8555190563201904,1.0,0.0,0.0,0.0,1.0,0.0,1.0,4.758556365966797,0.0,-1.0,-1.0,1.0,29.088,73.294,SQL
sub_0,q_synth_003,synthetic,0.0,0.0,1.0,0.0,0.0,1.0,1.0,3.0,3.8555190563201904,0.9030900001525879,0.0010000000474974513,6.970986366271973,465.0,2.297023057937622,2.0,0.0,1.0,2.0530784130096436,2371.268310546875,-1.0,-1.0,1.0,2125.128,22.683,GRAPH
sub_0,q_synth_004,synthetic,1.0,1.0,0.0,0.0,0.0,2.0,0.0,0.0,5.176094055175781,3.1763806343078613,0.009999999776482582,0.0,0.0,0.0,3.0,1.0,0.04779333248734474,4.556314468383789,0.0,-1.0,-1.0,2.0,200.387,765.619,SQL
sub_0,q_synth_005,synthetic,0.0,0.0,1.0,0.0,0.0,1.0,1.0,2.0,3.8555190563201904,0.9030900001525879,0.0010000000474974513,6.970986366271973,465.0,2.297023057937622,1.0,0.0,1.0,1.7558748722076416,340.16253662109375,-1.0,-1.0,1.0,584.78,12.106,GRAPH
sub_1,q_synth_005,synthetic,0.0,1.0,0.0,1.0,0.0,2.0,0.0,0.0,3.8555190563201904,3.8555190563201904,1.0,0.0,0.0,0.0,1.0,0.0,1.0,4.758556365966797,0.0,-1.0,-1.0,2.0,60.094,105.579,SQL
sub_2,q_synth_005,synthetic,1.0,0.0,0.0,0.0,0.0,1.0,0.0,0.0,5.176094055175781,4.979798793792725,0.6363638639450073,0.0,0.0,0.0,3.0,0.0,1.0,6.3600053787231445,0.0,-1.0,-1.0,1.0,141.763,671.706,SQL
sub_0,q_synth_006,synthetic,2.0,0.0,0.0,1.0,0.0,3.0,0.0,0.0,3.8555190563201904,2.3747482299804688,0.032999999821186066,0.0,0.0,0.0,2.0,0.0,1.0,3.5771470069885254,0.0,-1.0,-1.0,1.0,34.988,80.548,SQL
sub_0,q_synth_007,synthetic,1.0,0.0,0.0,0.0,1.0,2.0,0.0,0.0,5.176094055175781,5.134699821472168,0.9090916514396667,0.0,0.0,0.0,3.0,0.0,1.0,6.5149078369140625,0.0,-1.0,-1.0,1.0,151.52,631.54,SQL
sub_0,q_synth_008,synthetic,0.0,0.0,1.0,0.0,0.0,1.0,1.0,1.0,3.8555190563201904,0.9030900001525879,0.0010000000474974513,6.970986366271973,465.0,2.297023057937622,1.0,0.0,1.0,1.7558748722076416,48.79690170288086,-1.0,-1.0,1.0,264.749,9.284,GRAPH
sub_1,q_synth_008,synthetic,0.0,1.0,0.0,0.0,0.0,1.0,0.0,0.0,3.8555190563201904,3.8555190563201904,1.0,0.0,0.0,0.0,2.0,0.0,1.0,5.059582233428955,0.0,-1.0,-1.0,2.0,65.155,97.503,SQL
sub_2,q_synth_008,synthetic,0.0,0.0,0.0,1.0,0.0,1.0,0.0,0.0,3.8555190563201904,3.8555190563201904,1.0,0.0,0.0,0.0,2.0,0.0,1.0,5.059582233428955,0.0,-1.0,-1.0,1.0,25.151,73.138,SQL
sub_0,q_tpch_001,tpch,1.0,1.0,0.0,1.0,0.0,3.0,0.0,0.0,5.176094055175781,3.7782235145568848,0.03999999910593033,0.0,0.0,0.0,2.0,1.0,0.04779333248734474,4.98227596282959,0.0,-1.0,-1.0,2.0,226.311,759.81,SQL
sub_0,q_tpch_002,tpch,1.0,1.0,0.0,1.0,0.0,3.0,0.0,0.0,5.176094055175781,4.833669662475586,0.45454537868499756,0.0,0.0,0.0,2.0,0.0,0.04779333248734474,6.037783622741699,0.0,-1.0,-1.0,2.0,432.192,596.376,SQL
sub_0,q_tpch_003,tpch,0.0,1.0,0.0,1.0,0.0,2.0,0.0,0.0,3.8555190563201904,3.8555190563201904,1.0,0.0,0.0,0.0,2.0,0.0,1.0,5.059582233428955,0.0,-1.0,-1.0,2.0,67.179,100.633,SQL
sub_0,q_tpch_004,tpch,0.0,1.0,0.0,1.0,0.0,2.0,0.0,0.0,3.8555190563201904,3.8555190563201904,1.0,0.0,0.0,0.0,2.0,0.0,1.0,5.059582233428955,0.0,-1.0,-1.0,2.0,65.395,114.635,SQL
sub_0,q_tpch_005,tpch,1.0,1.0,0.0,1.0,0.0,3.0,0.0,0.0,3.8555190563201904,2.8555190563201904,0.10000000149011612,0.0,0.0,0.0,2.0,0.0,1.0,4.059071063995361,0.0,-1.0,-1.0,2.0,55.552,125.461,SQL
sub_0_aug0,q_snb_001,snb,0.0,0.0,0.992795,0.0,0.0,0.991355,0.994434,2.070198,3.830923,0.835478,0.001017,6.877806,459.955711,2.310333,2.02323,0.0,1.058178,2.120485,342.042057,-1.036916,-1.050733,1.012317,478.804,11.765,GRAPH
sub_1_aug1,q_snb_001,snb,0.0,1.065554,0.0,0.0,0.0,1.002083,0.0,0.0,3.835022,3.958033,0.927323,0.0,0.0,0.0,2.953158,0.0,1.024518,5.464315,0.0,-1.012031,-0.98117,2.024821,52.25,98.959,SQL
sub_2_aug2,q_snb_001,snb,0.0,0.0,0.0,1.039116,0.0,0.944339,0.0,0.0,3.965064,3.563556,0.869003,0.0,0.0,0.0,1.939311,0.0,0.954209,5.281195,0.0,-0.966787,-1.060954,1.042368,33.748,92.395,SQL
sub_0_aug3,q_snb_002,snb,0.0,0.0,0.94989,0.0,0.0,0.995688,0.985305,2.011442,4.013332,0.931917,0.001017,7.197525,476.12494,2.225013,2.892394,0.0,0.976502,2.283509,335.908539,-0.883212,-1.040965,0.945056,563.017,15.802,GRAPH
sub_1_aug4,q_snb_002,snb,1.038424,1.071092,0.0,1.025285,0.0,3.125373,0.0,0.0,4.130484,2.842094,0.092885,0.0,0.0,0.0,1.946792,0.0,1.047645,3.766071,0.0,-0.998323,-0.987338,1.968441,63.878,132.556,SQL
sub_0_aug5,q_snb_003,snb,0.0,0.0,1.036182,0.0,0.0,1.029039,1.11607,1.030998,3.738041,0.877722,0.000958,7.302901,451.821137,2.288954,2.07493,0.0,0.963827,2.022933,44.304448,-1.054124,-1.028387,1.020788,250.974,10.248,GRAPH
sub_1_aug6,q_snb_003,snb,0.0,1.059675,0.0,0.0,0.0,0.999077,0.0,0.0,3.905904,3.8879,1.054237,0.0,0.0,0.0,3.134003,0.0,1.013685,4.971024,0.0,-0.954831,-0.980948,2.122694,56.424,99.298,SQL
sub_2_aug7,q_snb_003,snb,0.0,0.0,0.0,0.998505,0.0,1.097655,0.0,0.0,3.786336,4.162623,1.005756,0.0,0.0,0.0,1.948373,0.0,0.943578,5.021375,0.0,-0.928834,-0.959181,1.034444,26.433,74.89,SQL
sub_0_aug8,q_snb_004,snb,0.0,0.0,0.881206,0.0,0.0,1.035548,1.027793,2.917511,3.734574,0.902986,0.001086,6.603232,455.053533,2.453426,0.977692,0.0,0.981787,1.764459,2224.096802,-0.989003,-1.060481,1.04426,1768.304,21.244,GRAPH
sub_1_aug9,q_snb_004,snb,0.0,1.000159,0.0,0.0,0.0,1.114172,0.0,0.0,3.909658,4.118791,0.934837,0.0,0.0,0.0,2.981679,0.0,1.016157,5.692674,0.0,-1.084046,-0.950469,2.059135,54.633,99.702,SQL
sub_2_aug10,q_snb_004,snb,0.0,0.0,0.0,1.076677,0.0,1.035619,0.0,0.0,3.865557,3.754958,0.937591,0.0,0.0,0.0,3.029313,0.0,0.990415,5.764545,0.0,-1.030551,-0.98398,0.92155,29.599,94.724,SQL
sub_0_aug11,q_snb_005,snb,0.0,0.0,0.980227,0.0,0.0,1.013057,1.041198,2.14481,3.847008,0.852641,0.001023,7.151182,476.431056,2.216594,2.113338,0.0,1.004395,2.124918,361.832136,-0.969536,-0.985674,1.10764,644.772,13.347,GRAPH
sub_1_aug12,q_snb_005,snb,1.012185,0.0,0.0,0.0,0.0,0.985202,0.0,0.0,3.877104,3.067223,0.100594,0.0,0.0,0.0,1.025969,0.0,1.059787,3.661711,0.0,-1.086328,-0.985029,1.011487,21.806,73.235,SQL
sub_0_aug13,q_synth_001,synthetic,0.0,0.0,0.969599,0.0,0.0,1.043554,1.030378,1.900501,3.955419,0.894235,0.000926,7.128862,463.94876,2.211426,2.052295,0.0,1.024405,1.993792,346.971777,-0.949247,-1.035633,1.019045,507.994,13.916,GRAPH
sub_0_aug14,q_synth_002,synthetic,0.0,0.0,1.000138,0.0,0.0,1.113301,0.906885,1.034764,3.796482,0.898566,0.001095,6.967998,517.101941,2.246242,1.017526,0.0,0.975458,1.695237,48.949351,-1.014129,-0.989875,0.894749,233.949,10.889,GRAPH
sub_1_aug15,q_synth_002,synthetic,0.0,0.0,0.0,1.100123,0.0,0.99165,0.0,0.0,4.191509,3.661372,1.014627,0.0,0.0,0.0,1.158247,0.0,0.956514,4.402783,0.0,-1.027325,-0.976376,1.034667,38.932,123.484,SQL
sub_0_aug16,q_synth_003,synthetic,0.0,0.0,1.064518,0.0,0.0,0.987149,0.919887,2.934746,4.094604,0.924117,0.000902,6.958769,497.507408,2.54126,2.056169,0.0,1.015465,1.925766,2271.290555,-0.997654,-0.97484,1.029009,1745.731,34.6,GRAPH
sub_0_aug17,q_synth_004,synthetic,0.97609,0.942403,0.0,0.0,0.0,1.922222,0.0,0.0,4.876664,3.278566,0.008844,0.0,0.0,0.0,2.950008,1.022494,0.05143,4.572558,0.0,-0.949936,-1.01995,1.92556,114.869,368.92,SQL
sub_0_aug18,q_synth_005,synthetic,0.0,0.0,0.96628,0.0,0.0,1.076367,1.049711,2.04874,4.497515,0.90163,0.001031,7.078197,459.841158,2.563038,1.07533,0.0,0.930026,1.720771,347.447739,-0.960841,-1.067422,0.887222,620.567,31.522,GRAPH
sub_1_aug19,q_synth_005,synthetic,0.0,0.904682,0.0,0.996444,0.0,1.98968,0.0,0.0,3.922069,3.707144,0.938788,0.0,0.0,0.0,0.898848,0.0,1.016459,4.846602,0.0,-0.95035,-0.96046,1.980928,63.377,128.55,SQL
sub_2_aug20,q_synth_005,synthetic,1.067463,0.0,0.0,0.0,0.0,0.993182,0.0,0.0,5.005066,4.85018,0.617756,0.0,0.0,0.0,2.675139,0.0,1.007816,6.439469,0.0,-1.018113,-1.035692,1.01859,113.714,401.359,SQL
sub_0_aug21,q_synth_006,synthetic,2.171687,0.0,0.0,1.001913,0.0,2.923855,0.0,0.0,3.741502,2.366466,0.030913,0.0,0.0,0.0,1.987474,0.0,1.003059,3.907081,0.0,-0.952826,-0.948299,0.964353,33.14,88.644,SQL
sub_0_aug22,q_synth_007,synthetic,1.033496,0.0,0.0,0.0,0.943031,2.031196,0.0,0.0,5.284465,4.937936,0.999973,0.0,0.0,0.0,3.085106,0.0,0.904864,6.694999,0.0,-1.020371,-0.999931,1.023288,185.327,891.024,SQL
sub_0_aug23,q_synth_008,synthetic,0.0,0.0,1.019527,0.0,0.0,0.898042,0.942084,1.038631,4.10636,0.989026,0.00109,6.25453,482.890459,2.076935,1.08068,0.0,1.012667,1.655687,53.700749,-0.967801,-1.094557,1.014673,210.387,12.413,GRAPH
sub_1_aug24,q_synth_008,synthetic,0.0,0.963443,0.0,0.0,0.0,1.005565,0.0,0.0,3.765841,4.120296,0.928836,0.0,0.0,0.0,2.031741,0.0,1.090709,4.850379,0.0,-0.989468,-0.9899,1.93103,43.412,87.451,SQL
sub_2_aug25,q_synth_008,synthetic,0.0,0.0,0.0,1.032395,0.0,1.004853,0.0,0.0,3.673583,4.195193,1.039581,0.0,0.0,0.0,1.983289,0.0,0.968166,4.861155,0.0,-0.938453,-1.007324,1.022972,24.749,74.079,SQL
sub_0_aug26,q_tpch_001,tpch,0.990777,1.03082,0.0,0.994201,0.0,3.114578,0.0,0.0,5.128678,3.934942,0.041345,0.0,0.0,0.0,1.988339,0.957011,0.045547,4.797748,0.0,-1.049224,-0.95671,1.99534,191.23,593.646,SQL
sub_0_aug27,q_tpch_002,tpch,1.078505,1.113966,0.0,1.001211,0.0,2.767797,0.0,0.0,5.077372,4.815459,0.420717,0.0,0.0,0.0,1.974951,0.0,0.048479,5.899087,0.0,-1.038421,-1.037938,2.178668,315.972,518.167,SQL
sub_0_aug28,q_tpch_003,tpch,0.0,0.992018,0.0,0.958503,0.0,1.96271,0.0,0.0,4.039494,3.723528,1.024092,0.0,0.0,0.0,2.072788,0.0,1.037456,5.413676,0.0,-1.027524,-0.943363,1.920715,77.69,132.46,SQL
sub_0_aug29,q_tpch_004,tpch,0.0,0.980173,0.0,1.059804,0.0,2.082238,0.0,0.0,3.855923,3.625843,1.028083,0.0,0.0,0.0,1.936963,0.0,0.953806,4.895618,0.0,-0.987675,-1.106052,2.036076,77.895,115.177,SQL
sub_0_aug30,q_tpch_005,tpch,1.008695,0.970774,0.0,1.051846,0.0,3.091716,0.0,0.0,3.738642,2.759857,0.103476,0.0,0.0,0.0,1.848393,0.0,0.983369,3.930998,0.0,-0.996506,-0.989444,2.003679,43.43,112.775,SQL
sub_0_aug31,q_snb_001,snb,0.0,0.0,1.056742,0.0,0.0,1.011403,0.98425,1.878915,3.994674,0.926938,0.001073,6.710461,465.614219,2.290282,1.991239,0.0,1.00052,1.877074,354.193995,-0.96734,-0.943476,1.112479,492.27,14.704,GRAPH
sub_1_aug32,q_snb_001,snb,0.0,0.984052,0.0,0.0,0.0,0.998193,0.0,0.0,3.857405,4.229926,0.913439,0.0,0.0,0.0,3.072865,0.0,0.926458,4.55986,0.0,-1.101042,-1.069088,2.106903,56.057,89.712,SQL
sub_2_aug33,q_snb_001,snb,0.0,0.0,0.0,0.956582,0.0,0.988627,0.0,0.0,3.631222,3.973296,0.944902,0.0,0.0,0.0,2.131765,0.0,0.950345,4.866097,0.0,-0.993863,-0.998764,1.071235,23.673,73.401,SQL
sub_0_aug34,q_snb_002,snb,0.0,0.0,1.00602,0.0,0.0,0.939608,0.971983,1.942722,3.99529,0.92042,0.000994,7.274087,452.712458,2.281376,3.027114,0.0,1.076409,2.216911,334.196104,-1.052292,-0.965697,0.970618,489.727,16.45,GRAPH
sub_1_aug35,q_snb_002,snb,1.017184,0.90492,0.0,1.052159,0.0,2.800209,0.0,0.0,3.705666,3.006659,0.093328,0.0,0.0,0.0,1.992054,0.0,1.003713,3.85641,0.0,-0.932853,-0.925061,1.802838,52.626,93.929,SQL
sub_0_aug36,q_snb_003,snb,0.0,0.0,0.92755,0.0,0.0,1.040412,0.934849,0.980568,3.880494,0.93433,0.000989,7.004176,446.94096,2.445452,1.950469,0.0,1.016987,2.000557,49.056315,-1.008408,-1.008123,0.949311,252.532,11.41,GRAPH
sub_1_aug37,q_snb_003,snb,0.0,1.039821,0.0,0.0,0.0,1.070702,0.0,0.0,3.902392,3.996696,1.041903,0.0,0.0,0.0,3.139198,0.0,1.015168,5.291238,0.0,-0.9568,-0.996558,1.902608,62.642,101.647,SQL
sub_2_aug38,q_snb_003,snb,0.0,0.0,0.0,1.001192,0.0,0.905579,0.0,0.0,3.854382,3.935207,1.061799,0.0,0.0,0.0,2.015128,0.0,1.046407,5.059446,0.0,-1.051174,-1.070569,0.951513,30.499,71.905,SQL
sub_0_aug39,q_snb_004,snb,0.0,0.0,0.931693,0.0,0.0,1.031685,0.989619,3.085547,3.869675,0.950234,0.001053,6.746054,458.622154,2.235827,0.918934,0.0,1.033761,1.860244,2370.506139,-1.02466,-0.945455,0.882752,2122.978,23.325,GRAPH
sub_1_aug40,q_snb_004,snb,0.0,1.008874,0.0,0.0,0.0,1.007164,0.0,0.0,3.745472,4.123781,1.048537,0.0,0.0,0.0,2.960826,0.0,0.995665,5.134094,0.0,-1.025606,-1.06541,2.137995,49.284,84.238,SQL
sub_2_aug41,q_snb_004,snb,0.0,0.0,0.0,1.0514,0.0,1.039908,0.0,0.0,3.644557,4.256656,1.099008,0.0,0.0,0.0,3.028209,0.0,0.954789,5.008855,0.0,-0.979073,-1.045651,0.998289,24.546,71.721,SQL
sub_0_aug42,q_snb_005,snb,0.0,0.0,1.054432,0.0,0.0,0.924659,1.100286,2.156671,3.617039,0.839258,0.000986,6.611582,458.868491,2.000571,1.97713,0.0,1.090143,1.938456,335.518147,-1.07448,-0.968088,0.988734,639.176,12.956,GRAPH
sub_1_aug43,q_snb_005,snb,1.097037,0.0,0.0,0.0,0.0,1.010342,0.0,0.0,3.783772,2.934085,0.097469,0.0,0.0,0.0,0.933035,0.0,1.015097,3.72522,0.0,-0.991684,-0.981227,0.974484,20.249,59.513,SQL
sub_0_aug44,q_synth_001,synthetic,0.0,0.0,1.021079,0.0,0.0,1.086885,0.94461,2.173743,3.808712,0.868473,0.001121,7.025019,496.86187,2.390925,1.831941,0.0,1.006041,1.999152,317.341158,-1.088586,-0.994885,1.029513,718.369,17.169,GRAPH
sub_0_aug45,q_synth_002,synthetic,0.0,0.0,1.019533,0.0,0.0,0.984709,0.960074,0.950657,3.748497,0.856443,0.00099,6.963009,444.168275,2.270372,0.961984,0.0,0.999776,1.800394,49.2315,-0.976392,-1.082601,0.981065,217.016,8.578,GRAPH
sub_1_aug46,q_synth_002,synthetic,0.0,0.0,0.0,1.013837,0.0,1.032058,0.0,0.0,3.547462,3.886205,1.060321,0.0,0.0,0.0,0.991069,0.0,0.995262,4.865733,0.0,-0.987644,-0.966268,1.003621,26.632,59.108,SQL
sub_0_aug47,q_synth_003,synthetic,0.0,0.0,1.007625,0.0,0.0,0.960878,0.991478,3.187968,3.81616,0.895479,0.000975,7.245359,445.128711,2.401595,1.906303,0.0,0.947111,2.074219,2386.702833,-0.985122,-0.946873,0.979375,2325.227,28.355,GRAPH
sub_0_aug48,q_synth_004,synthetic,1.02215,0.954509,0.0,0.0,0.0,2.125917,0.0,0.0,5.339777,3.26159,0.010094,0.0,0.0,0.0,2.88216,0.983631,0.048992,4.551944,0.0,-0.993813,-1.067991,2.018109,259.286,1014.723,SQL
sub_0_aug49,q_synth_005,synthetic,0.0,0.0,0.965404,0.0,0.0,0.945833,0.992266,1.81435,3.990187,0.941562,0.000997,6.624604,443.020175,2.279666,0.878813,0.0,1.009024,1.814208,334.857789,-1.02472,-0.990902,1.017532,400.488,13.596,GRAPH
sub_1_aug50,q_synth_005,synthetic,0.0,1.054708,0.0,1.00092,0.0,1.931024,0.0,0.0,3.766598,3.890594,1.07781,0.0,0.0,0.0,0.983986,0.0,0.947374,4.551534,0.0,-1.104817,-0.98351,1.863868,76.594,105.339,SQL
sub_2_aug51,q_synth_005,synthetic,0.938325,0.0,0.0,0.0,0.0,0.901199,0.0,0.0,4.886753,5.121328,0.594639,0.0,0.0,0.0,2.737554,0.0,1.008913,6.251513,0.0,-0.97839,-0.962972,0.999575,100.676,344.242,SQL
sub_0_aug52,q_synth_006,synthetic,1.870224,0.0,0.0,0.99381,0.0,3.075039,0.0,0.0,3.743133,2.204068,0.034819,0.0,0.0,0.0,1.958475,0.0,0.979538,3.580002,0.0,-0.948476,-0.986819,0.983339,27.027,78.696,SQL
sub_0_aug53,q_synth_007,synthetic,1.034107,0.0,0.0,0.0,1.107351,2.138779,0.0,0.0,5.350236,4.846571,1.07964,0.0,0.0,0.0,2.820201,0.0,0.98141,6.286922,0.0,-0.918655,-0.978988,0.928644,263.077,1019.742,SQL
sub_0_aug54,q_synth_008,synthetic,0.0,0.0,1.013379,0.0,0.0,1.027345,0.984076,0.938991,3.71575,0.883364,0.001001,6.789772,482.093874,2.18792,0.913431,0.0,0.96303,1.874299,47.398489,-0.88296,-0.975426,0.941779,256.099,8.618,GRAPH
sub_1_aug55,q_synth_008,synthetic,0.0,0.958286,0.0,0.0,0.0,1.012169,0.0,0.0,3.628498,4.313281,0.950455,0.0,0.0,0.0,2.068094,0.0,1.073006,5.031957,0.0,-1.049793,-1.013653,2.036222,51.661,70.648,SQL
sub_2_aug56,q_synth_008,synthetic,0.0,0.0,0.0,1.043788,0.0,1.002836,0.0,0.0,3.58559,3.863678,0.966332,0.0,0.0,0.0,1.781676,0.0,0.965122,4.697202,0.0,-0.970657,-0.902792,1.092938,23.343,68.647,SQL
sub_0_aug57,q_tpch_001,tpch,0.97134,0.97663,0.0,1.034439,0.0,3.159193,0.0,0.0,5.067723,3.751278,0.044414,0.0,0.0,0.0,1.989255,0.975734,0.04808,5.126688,0.0,-1.051082,-1.01242,1.883364,165.624,539.549,SQL
sub_0_aug58,q_tpch_002,tpch,0.986087,1.093846,0.0,1.037086,0.0,2.986119,0.0,0.0,4.9346,4.758408,0.478426,0.0,0.0,0.0,1.943831,0.0,0.051259,5.623098,0.0,-1.014502,-0.912862,1.799216,286.795,493.799,SQL
sub_0_aug59,q_tpch_003,tpch,0.0,1.059421,0.0,0.907431,0.0,1.990992,0.0,0.0,3.822259,4.014423,0.842273,0.0,0.0,0.0,1.808219,0.0,0.971699,5.068916,0.0,-1.044661,-1.011043,1.881383,62.49,118.72,SQL
sub_0_aug60,q_tpch_004,tpch,0.0,0.979936,0.0,0.957662,0.0,2.024402,0.0,0.0,3.967603,4.131754,0.967179,0.0,0.0,0.0,1.968201,0.0,1.002387,4.984974,0.0,-1.0026,-1.078109,2.037175,64.283,120.917,SQL
sub_0_aug61,q_tpch_005,tpch,0.95424,0.952152,0.0,0.920594,0.0,3.17415,0.0,0.0,3.828413,3.019639,0.101362,0.0,0.0,0.0,1.829664,0.0,0.945815,4.212896,0.0,-1.038284,-1.054517,1.982062,52.261,104.958,SQL
sub_0_aug62,q_snb_001,snb,0.0,0.0,0.991152,0.0,0.0,0.949407,0.983693,1.952151,3.356231,0.925788,0.000959,7.425648,438.259612,2.115604,2.118762,0.0,0.920747,1.987773,350.322115,-1.016482,-1.082774,1.009402,566.538,9.744,GRAPH
sub_1_aug63,q_snb_001,snb,0.0,0.990284,0.0,0.0,0.0,1.064193,0.0,0.0,3.968996,4.440732,0.917705,0.0,0.0,0.0,2.996749,0.0,0.946667,5.537967,0.0,-0.958908,-0.962298,1.922267,70.443,89.487,SQL
sub_2_aug64,q_snb_001,snb,0.0,0.0,0.0,0.962742,0.0,0.898516,0.0,0.0,4.18507,3.953492,0.986957,0.0,0.0,0.0,2.093352,0.0,1.037546,5.306304,0.0,-1.081177,-1.035692,1.009772,37.083,109.672,SQL
sub_0_aug65,q_snb_002,snb,0.0,0.0,1.017771,0.0,0.0,1.047862,0.949568,2.012721,4.280658,0.934333,0.001044,6.964299,482.847328,2.504213,3.015996,0.0,1.061199,2.130401,350.199011,-0.954789,-1.0376,1.054906,512.237,25.466,GRAPH
sub_1_aug66,q_snb_002,snb,0.966238,0.959738,0.0,0.99994,0.0,3.289798,0.0,0.0,3.915116,2.989127,0.096341,0.0,0.0,0.0,2.00775,0.0,0.941172,3.943163,0.0,-0.958218,-1.00192,2.14513,47.404,113.311,SQL
sub_0_aug67,q_snb_003,snb,0.0,0.0,0.989879,0.0,0.0,0.990103,1.063834,0.967569,3.562545,0.961849,0.001021,6.216309,466.035307,2.250648,2.174484,0.0,0.96355,1.99346,46.575665,-1.052703,-1.035025,0.928204,232.419,7.623,GRAPH
sub_1_aug68,q_snb_003,snb,0.0,0.94844,0.0,0.0,0.0,0.919671,0.0,0.0,3.56688,3.554851,0.973942,0.0,0.0,0.0,2.897447,0.0,0.938676,5.360876,0.0,-1.002404,-1.021599,1.953603,44.494,81.733,SQL
sub_2_aug69,q_snb_003,snb,0.0,0.0,0.0,1.079644,0.0,1.011991,0.0,0.0,3.947161,3.356993,0.967313,0.0,0.0,0.0,1.782899,0.0,0.97869,5.154022,0.0,-1.033715,-0.97407,0.948863,30.781,88.263,SQL
sub_0_aug70,q_snb_004,snb,0.0,0.0,1.02879,0.0,0.0,0.92232,0.986916,3.062971,3.958832,0.897343,0.001097,6.826541,454.514349,1.98009,1.088447,0.0,0.98155,1.652628,2527.879253,-0.938225,-0.994584,0.928254,1969.809,32.548,GRAPH
sub_1_aug71,q_snb_004,snb,0.0,1.020949,0.0,0.0,0.0,0.96893,0.0,0.0,3.629822,4.056656,0.89337,0.0,0.0,0.0,3.085074,0.0,1.022968,5.772594,0.0,-0.983741,-1.102922,1.916388,42.464,78.227,SQL
sub_2_aug72,q_snb_004,snb,0.0,0.0,0.0,1.003233,0.0,1.017778,0.0,0.0,4.044597,3.477741,0.983503,0.0,0.0,0.0,3.145479,0.0,1.077198,5.722858,0.0,-1.019511,-0.94512,1.085586,27.078,94.13,SQL
sub_0_aug73,q_snb_005,snb,0.0,0.0,1.059903,0.0,0.0,1.036184,1.04139,1.921012,3.576524,0.94747,0.000983,6.96118,451.544759,2.251897,2.023275,0.0,0.948907,2.06011,344.347469,-1.003868,-1.037181,1.039331,490.805,9.958,GRAPH
sub_1_aug74,q_snb_005,snb,1.093632,0.0,0.0,0.0,0.0,0.969938,0.0,0.0,4.093494,2.982485,0.086734,0.0,0.0,0.0,0.96194,0.0,0.968208,3.904977,0.0,-0.990576,-0.97628,1.031814,25.717,98.886,SQL
sub_0_aug75,q_synth_001,synthetic,0.0,0.0,0.955054,0.0,0.0,0.962673,0.938856,1.982973,3.832559,0.910821,0.000964,7.286955,486.322826,2.474643,2.071131,0.0,1.009276,2.122105,350.533272,-1.032591,-0.935531,1.085926,577.088,13.946,GRAPH
sub_0_aug76,q_synth_002,synthetic,0.0,0.0,1.098848,0.0,0.0,1.001761,1.016214,1.020818,3.855028,0.931054,0.000994,6.903443,505.896335,2.315941,1.003351,0.0,1.044101,1.769073,49.508415,-1.003178,-1.061021,0.998451,249.037,9.347,GRAPH
sub_1_aug77,q_synth_002,synthetic,0.0,0.0,0.0,0.943156,0.0,1.010508,0.0,0.0,3.627766,4.032239,1.037462,0.0,0.0,0.0,1.014021,0.0,0.994993,4.857606,0.0,-1.09825,-1.054841,0.992563,24.026,77.537,SQL
sub_0_aug78,q_synth_003,synthetic,0.0,0.0,1.017263,0.0,0.0,0.99603,0.949769,3.020017,3.768057,0.854838,0.001016,6.897799,492.818234,2.37346,2.073467,0.0,1.016083,1.966318,2260.337161,-1.073558,-0.856049,0.946028,2086.305,17.798,GRAPH
sub_0_aug79,q_synth_004,synthetic,0.989508,0.981981,0.0,0.0,0.0,1.97189,0.0,0.0,5.024939,2.879652,0.009501,0.0,0.0,0.0,2.7914,0.993661,0.046158,4.399764,0.0,-0.989206,-1.029139,2.093209,141.809,546.42,SQL
sub_0_aug80,q_synth_005,synthetic,0.0,0.0,0.980691,0.0,0.0,1.011258,0.933735,2.065687,3.777409,0.921547,0.001017,6.910533,470.055459,2.252771,1.067305,0.0,1.046714,1.798235,320.090559,-1.054965,-1.033193,0.98775,558.638,12.17,GRAPH
sub_1_aug81,q_synth_005,synthetic,0.0,1.022401,0.0,0.955173,0.0,2.117707,0.0,0.0,3.856212,3.467503,0.976234,0.0,0.0,0.0,0.870741,0.0,0.962414,4.627904,0.0,-1.030521,-1.016263,1.96059,74.57,121.154,SQL
sub_2_aug82,q_synth_005,synthetic,0.970313,0.0,0.0,0.0,0.0,1.075125,0.0,0.0,5.490516,4.695492,0.676261,0.0,0.0,0.0,2.756795,0.0,0.959269,6.845017,0.0,-1.111978,-0.971261,0.937325,287.544,1266.491,SQL
sub_0_aug83,q_synth_006,synthetic,1.9856,0.0,0.0,0.99099,0.0,3.254581,0.0,0.0,3.699254,2.366554,0.034035,0.0,0.0,0.0,1.974822,0.0,0.958897,3.566559,0.0,-0.995324,-0.955797,0.952847,27.594,82.218,SQL
sub_0_aug84,q_synth_007,synthetic,0.977543,0.0,0.0,0.0,1.016147,1.983283,0.0,0.0,5.128143,5.130335,0.877463,0.0,0.0,0.0,2.880046,0.0,1.022037,6.158184,0.0,-0.941731,-0.989135,0.936173,167.294,621.284,SQL
sub_0_aug85,q_synth_008,synthetic,0.0,0.0,1.014151,0.0,0.0,1.008364,1.038108,1.057942,3.784882,0.871131,0.00097,6.629029,447.645234,2.329698,1.000763,0.0,0.975432,1.691061,49.64569,-1.02508,-1.052008,0.992416,240.013,10.958,GRAPH
sub_1_aug86,q_synth_008,synthetic,0.0,0.986775,0.0,0.0,0.0,0.946498,0.0,0.0,4.014979,4.01861,1.002045,0.0,0.0,0.0,2.013104,0.0,1.026365,5.051759,0.0,-0.955435,-0.9172,2.008049,80.893,93.253,SQL
sub_2_aug87,q_synth_008,synthetic,0.0,0.0,0.0,1.022013,0.0,1.043673,0.0,0.0,3.790353,3.638009,1.0453,0.0,0.0,0.0,1.843124,0.0,1.089442,5.279784,0.0,-0.990615,-0.997445,1.087568,26.536,71.611,SQL
sub_0_aug88,q_tpch_001,tpch,0.952689,0.94199,0.0,0.970093,0.0,2.96073,0.0,0.0,4.915615,3.80729,0.040272,0.0,0.0,0.0,1.918614,1.080153,0.044467,4.664227,0.0,-0.981194,-1.010374,2.041773,123.209,452.46,SQL
sub_0_aug89,q_tpch_002,tpch,0.969051,0.948333,0.0,0.967723,0.0,2.897461,0.0,0.0,5.311965,4.717672,0.471851,0.0,0.0,0.0,2.058808,0.0,0.05028,6.309701,0.0,-0.960782,-0.961507,1.948331,549.259,864.04,SQL
sub_0_aug90,q_tpch_003,tpch,0.0,0.986906,0.0,0.908494,0.0,2.029175,0.0,0.0,3.725633,3.932927,1.026374,0.0,0.0,0.0,1.864791,0.0,0.949308,4.971205,0.0,-1.02588,-0.991649,1.884458,65.794,88.148,SQL
sub_0_aug91,q_tpch_004,tpch,0.0,1.002359,0.0,0.915576,0.0,1.784489,0.0,0.0,3.993675,3.603886,0.972004,0.0,0.0,0.0,1.858264,0.0,0.929556,4.95868,0.0,-1.020506,-0.950871,2.044951,85.819,129.086,SQL
sub_0_aug92,q_tpch_005,tpch,0.986944,1.037884,0.0,1.055828,0.0,3.061695,0.0,0.0,3.777191,3.000951,0.108843,0.0,0.0,0.0,2.066053,0.0,1.088534,4.247128,0.0,-0.957557,-1.054509,1.888645,45.862,102.939,SQL
sub_0_aug93,q_snb_001,snb,0.0,0.0,0.997526,0.0,0.0,0.916527,0.970352,2.086734,3.727293,0.927166,0.000932,6.798928,488.79499,2.320971,2.029028,0.0,1.085236,2.1862,325.248843,-0.934105,-1.030762,0.999121,632.841,10.775,GRAPH
sub_1_aug94,q_snb_001,snb,0.0,1.000761,0.0,0.0,0.0,1.053652,0.0,0.0,3.637824,3.942627,1.026201,0.0,0.0,0.0,3.121727,0.0,0.989481,5.498349,0.0,-1.035577,-0.942647,2.035224,52.929,80.954,SQL
sub_2_aug95,q_snb_001,snb,0.0,0.0,0.0,0.929996,0.0,1.020396,0.0,0.0,3.890085,3.786957,0.963187,0.0,0.0,0.0,1.975981,0.0,0.927892,5.487299,0.0,-1.056414,-1.033064,1.057245,29.998,90.885,SQL
sub_0_aug96,q_snb_002,snb,0.0,0.0,1.029252,0.0,0.0,1.036012,1.075835,1.968786,3.65378,0.941212,0.00104,6.857049,435.575267,2.439341,3.086377,0.0,0.931326,2.314769,315.65421,-1.024132,-1.056165,0.968108,492.42,10.325,GRAPH
sub_1_aug97,q_snb_002,snb,0.958334,0.969334,0.0,1.036213,0.0,3.044189,0.0,0.0,3.976723,3.011479,0.098136,0.0,0.0,0.0,2.007989,0.0,1.026908,4.40546,0.0,-0.955046,-0.930922,2.101896,57.154,126.726,SQL
sub_0_aug98,q_snb_003,snb,0.0,0.0,1.052863,0.0,0.0,0.910766,1.044043,1.010646,3.86597,0.879282,0.000979,7.116046,484.529437,2.125001,2.02181,0.0,0.971966,1.955475,49.754839,-1.016436,-1.032952,0.961542,230.125,11.438,GRAPH
sub_1_aug99,q_snb_003,snb,0.0,1.014065,0.0,0.0,0.0,0.999498,0.0,0.0,3.645077,3.693395,0.990875,0.0,0.0,0.0,3.060772,0.0,0.947514,5.363451,0.0,-1.0412,-0.863613,1.9059,50.356,77.713,SQL
sub_2_aug100,q_snb_003,snb,0.0,0.0,0.0,0.960494,0.0,1.0097,0.0,0.0,3.681562,4.015066,1.090071,0.0,0.0,0.0,1.961238,0.0,1.008639,4.9286,0.0,-1.000001,-0.928413,1.044712,27.293,80.185,SQL
sub_0_aug101,q_snb_004,snb,0.0,0.0,0.954789,0.0,0.0,1.077295,1.058103,3.072955,3.728438,0.906057,0.00096,7.13397,457.642047,2.040335,1.04631,0.0,1.009573,1.850559,2355.122376,-0.990577,-0.944234,1.01939,2129.846,22.052,GRAPH
sub_1_aug102,q_snb_004,snb,0.0,1.0144,0.0,0.0,0.0,1.16072,0.0,0.0,3.82294,3.888134,1.086701,0.0,0.0,0.0,2.879249,0.0,0.94795,4.860781,0.0,-0.973317,-0.968718,2.074149,53.06,88.13,SQL
sub_2_aug103,q_snb_004,snb,0.0,0.0,0.0,0.932322,0.0,1.050293,0.0,0.0,4.086323,3.83676,1.001628,0.0,0.0,0.0,3.101339,0.0,1.018357,5.40373,0.0,-1.054304,-1.008731,0.939376,28.924,86.631,SQL
sub_0_aug104,q_snb_005,snb,0.0,0.0,1.031564,0.0,0.0,1.026511,0.995059,2.02968,3.55546,0.941829,0.000977,7.015967,490.932346,2.210138,2.119723,0.0,1.006204,2.055972,349.61983,-1.062351,-0.970295,1.003075,592.458,11.998,GRAPH
sub_1_aug105,q_snb_005,snb,1.051814,0.0,0.0,0.0,0.0,0.98916,0.0,0.0,3.78548,2.908294,0.099703,0.0,0.0,0.0,0.941302,0.0,0.990302,3.996271,0.0,-1.004655,-1.043523,1.035797,18.015,55.9,SQL
sub_0_aug106,q_synth_001,synthetic,0.0,0.0,0.907328,0.0,0.0,0.893987,0.999792,2.018093,3.898007,0.862777,0.000992,6.483459,470.104824,2.111502,1.985076,0.0,1.013079,1.872754,331.275741,-0.960593,-0.922552,0.924802,535.119,12.311,GRAPH
sub_0_aug107,q_synth_002,synthetic,0.0,0.0,1.016996,0.0,0.0,0.938203,0.932737,1.079804,3.984329,0.866777,0.001011,7.194736,469.215054,2.555126,1.030289,0.0,0.850351,1.730397,46.99977,-1.010207,-0.999327,0.967443,286.026,11.284,GRAPH
sub_1_aug108,q_synth_002,synthetic,0.0,0.0,0.0,0.945754,0.0,1.06817,0.0,0.0,3.970672,3.726217,1.033982,0.0,0.0,0.0,1.033759,0.0,1.063365,4.507468,0.0,-0.961006,-1.030389,1.057752,31.049,89.113,SQL
sub_0_aug109,q_synth_003,synthetic,0.0,0.0,0.990378,0.0,0.0,0.886411,1.001768,2.732376,3.813658,0.900462,0.00098,6.452721,439.059303,2.200021,1.975189,0.0,1.064425,2.125869,2315.283231,-0.936306,-1.068403,1.034251,1283.397,20.176,GRAPH
sub_0_aug110,q_synth_004,synthetic,0.991238,1.011816,0.0,0.0,0.0,2.063846,0.0,0.0,5.000217,3.30362,0.009995,0.0,0.0,0.0,3.36177,0.984787,0.050826,4.703732,0.0,-1.058706,-0.931969,1.893959,147.375,487.028,SQL
sub_0_aug111,q_synth_005,synthetic,0.0,0.0,0.8884,0.0,0.0,1.042666,1.053448,2.005203,3.805201,0.9746,0.001036,6.742385,482.008142,2.15423,0.972052,0.0,0.947443,1.562727,320.138996,-0.938884,-1.054891,0.972498,557.735,14.102,GRAPH
sub_1_aug112,q_synth_005,synthetic,0.0,0.941951,0.0,1.04328,0.0,2.00012,0.0,0.0,3.950123,3.835145,0.941449,0.0,0.0,0.0,0.951303,0.0,1.041863,4.744898,0.0,-0.96128,-1.15813,2.111011,73.386,128.319,SQL
sub_2_aug113,q_synth_005,synthetic,0.975302,0.0,0.0,0.0,0.0,1.108643,0.0,0.0,5.043908,4.986837,0.657376,0.0,0.0,0.0,2.868631,0.0,1.043637,6.154827,0.0,-0.935545,-0.96034,1.024782,138.41,549.209,SQL
sub_0_aug114,q_synth_006,synthetic,1.927581,0.0,0.0,0.989471,0.0,3.044987,0.0,0.0,3.463539,2.309235,0.034548,0.0,0.0,0.0,1.873182,0.0,1.063949,3.464768,0.0,-0.983837,-1.057383,1.024219,26.821,82.223,SQL
sub_0_aug115,q_synth_007,synthetic,1.023136,0.0,0.0,0.0,1.056819,2.135407,0.0,0.0,5.500512,5.188337,0.853357,0.0,0.0,0.0,3.198565,0.0,0.934793,6.372,0.0,-0.963145,-0.977822,1.079653,285.807,1432.826,SQL
sub_0_aug116,q_synth_008,synthetic,0.0,0.0,0.999797,0.0,0.0,0.915497,0.986237,1.008703,3.78793,0.966869,0.000988,6.470523,475.852855,2.16521,1.084995,0.0,1.013505,1.632675,51.430451,-0.881538,-1.100203,1.045154,208.728,8.796,GRAPH
sub_1_aug117,q_synth_008,synthetic,0.0,1.024201,0.0,0.0,0.0,1.008784,0.0,0.0,3.921705,3.950343,0.96535,0.0,0.0,0.0,2.141099,0.0,0.932524,5.555058,0.0,-0.923616,-1.059307,1.99946,58.112,96.746,SQL
sub_2_aug118,q_synth_008,synthetic,0.0,0.0,0.0,1.070993,0.0,0.97545,0.0,0.0,3.824211,3.77795,1.058374,0.0,0.0,0.0,1.939232,0.0,0.999509,5.196245,0.0,-1.01038,-1.043322,0.932923,29.76,88.399,SQL
sub_0_aug119,q_tpch_001,tpch,0.924087,0.94101,0.0,0.913973,0.0,2.890968,0.0,0.0,5.253791,3.788443,0.038347,0.0,0.0,0.0,1.898198,0.950331,0.044477,4.674402,0.0,-0.964282,-1.070231,2.001732,238.5,689.961,SQL
sub_0_aug120,q_tpch_002,tpch,0.969097,1.121397,0.0,0.910154,0.0,3.028995,0.0,0.0,5.089718,4.6473,0.461709,0.0,0.0,0.0,2.015558,0.0,0.045239,6.166472,0.0,-0.980542,-0.934527,1.939003,378.569,653.71,SQL
sub_0_aug121,q_tpch_003,tpch,0.0,1.073522,0.0,0.990159,0.0,1.802399,0.0,0.0,3.956359,3.83979,0.955882,0.0,0.0,0.0,2.093324,0.0,0.976419,5.316833,0.0,-1.004135,-0.962484,2.067948,74.987,125.52,SQL
sub_0_aug122,q_tpch_004,tpch,0.0,1.023658,0.0,0.948398,0.0,2.091971,0.0,0.0,3.859714,4.241507,1.023933,0.0,0.0,0.0,2.075113,0.0,0.961755,4.956837,0.0,-0.995164,-1.058524,1.882972,74.064,119.789,SQL
sub_0_aug123,q_tpch_005,tpch,0.994571,0.996106,0.0,1.010104,0.0,3.167566,0.0,0.0,3.778344,2.952732,0.099277,0.0,0.0,0.0,1.980599,0.0,1.012853,3.639418,0.0,-0.996682,-1.031913,1.907016,53.686,97.059,SQL
sub_0_aug124,q_snb_001,snb,0.0,0.0,0.90565,0.0,0.0,0.977855,0.906128,2.087012,3.809386,0.827137,0.000966,7.234125,451.168959,2.264725,1.963082,0.0,0.993586,1.878591,339.389353,-1.027905,-0.852311,0.98935,566.968,14.447,GRAPH
sub_1_aug125,q_snb_001,snb,0.0,0.977219,0.0,0.0,0.0,1.049424,0.0,0.0,3.82544,3.904357,0.956294,0.0,0.0,0.0,3.233284,0.0,0.968616,5.333933,0.0,-0.943382,-1.015225,1.999985,57.804,86.266,SQL
sub_2_aug126,q_snb_001,snb,0.0,0.0,0.0,1.029326,0.0,1.034134,0.0,0.0,3.645374,3.890505,0.952732,0.0,0.0,0.0,1.925463,0.0,0.96758,5.367199,0.0,-0.920171,-0.869727,0.997172,21.183,71.159,SQL
sub_0_aug127,q_snb_002,snb,0.0,0.0,0.95793,0.0,0.0,0.951526,1.080374,1.846162,3.794415,0.87753,0.001087,6.617786,490.613673,2.447863,2.974984,0.0,1.023275,2.056483,338.662287,-1.010751,-1.128979,1.020769,390.365,14.088,GRAPH
sub_1_aug128,q_snb_002,snb,1.017758,0.915331,0.0,0.929386,0.0,2.887607,0.0,0.0,3.753506,2.811777,0.095209,0.0,0.0,0.0,1.899214,0.0,1.015326,3.962618,0.0,-1.00534,-1.011484,2.04572,50.538,118.239,SQL
sub_0_aug129,q_snb_003,snb,0.0,0.0,0.992286,0.0,0.0,1.043077,1.00515,1.044452,4.095927,0.837143,0.001046,7.592388,442.388698,2.293363,1.96428,0.0,1.022042,2.106458,47.163924,-0.934372,-1.042834,0.993084,271.277,14.074,GRAPH
sub_1_aug130,q_snb_003,snb,0.0,1.05118,0.0,0.0,0.0,1.097672,0.0,0.0,3.756691,4.006327,1.011002,0.0,0.0,0.0,2.762633,0.0,0.952241,4.920283,0.0,-1.025166,-1.020839,2.002795,62.838,81.861,SQL
sub_2_aug131,q_snb_003,snb,0.0,0.0,0.0,1.063885,0.0,1.021124,0.0,0.0,4.366966,3.808592,1.039463,0.0,0.0,0.0,2.041441,0.0,1.075328,4.963775,0.0,-0.957737,-0.918546,0.963959,39.328,142.655,SQL
sub_0_aug132,q_snb_004,snb,0.0,0.0,0.996256,0.0,0.0,1.025215,0.978261,2.868713,4.208826,0.89272,0.001087,6.793775,460.185183,2.388575,0.989699,0.0,0.955057,1.692671,2403.597277,-1.033306,-0.995597,0.887136,1419.409,37.319,GRAPH
sub_1_aug133,q_snb_004,snb,0.0,0.972094,0.0,0.0,0.0,0.990984,0.0,0.0,3.756694,3.663979,0.955825,0.0,0.0,0.0,3.010578,0.0,1.074353,4.869587,0.0,-1.013813,-0.951148,2.033446,56.868,86.068,SQL
sub_2_aug134,q_snb_004,snb,0.0,0.0,0.0,0.995312,0.0,0.977464,0.0,0.0,3.858076,3.836036,0.890677,0.0,0.0,0.0,2.892633,0.0,0.902521,5.57365,0.0,-0.958868,-1.039412,1.040244,29.633,73.734,SQL
sub_0_aug135,q_snb_005,snb,0.0,0.0,1.122432,0.0,0.0,0.968846,1.064964,2.036251,3.809889,0.853153,0.000972,6.83334,411.158217,2.357947,1.967827,0.0,1.022962,2.010043,391.15754,-1.082864,-1.046653,1.03526,509.75,11.298,GRAPH
sub_1_aug136,q_snb_005,snb,1.117923,0.0,0.0,0.0,0.0,0.950379,0.0,0.0,4.208148,2.724589,0.106467,0.0,0.0,0.0,1.00377,0.0,1.1115,4.092921,0.0,-1.032386,-0.853215,0.943792,30.002,104.297,SQL
sub_0_aug137,q_synth_001,synthetic,0.0,0.0,0.984319,0.0,0.0,1.090395,0.963261,1.935865,3.880701,0.923522,0.001019,6.711074,469.577774,2.370232,2.150399,0.0,1.016408,1.924455,340.645865,-1.03103,-0.934048,0.916229,440.284,14.745,GRAPH
sub_0_aug138,q_synth_002,synthetic,0.0,0.0,1.027987,0.0,0.0,0.94673,1.063603,1.038558,3.897801,0.92589,0.000983,7.206528,463.84618,2.381003,1.002929,0.0,0.87594,1.710779,52.499348,-0.927373,-0.994773,0.993698,236.972,8.895,GRAPH
sub_1_aug139,q_synth_002,synthetic,0.0,0.0,0.0,0.983238,0.0,1.031528,0.0,0.0,3.967144,3.666774,1.033083,0.0,0.0,0.0,1.061645,0.0,0.952257,4.714102,0.0,-0.976822,-0.963862,0.978973,31.54,94.743,SQL
sub_0_aug140,q_synth_003,synthetic,0.0,0.0,0.973566,0.0,0.0,0.976806,1.019262,3.064368,3.851776,0.841489,0.000946,7.192951,436.609699,2.32302,1.96392,0.0,0.969889,2.055819,2570.02234,-0.985559,-1.014783,0.926331,2503.838,26.302,GRAPH
sub_0_aug141,q_synth_004,synthetic,1.025612,1.056835,0.0,0.0,0.0,2.060738,0.0,0.0,5.477848,3.252073,0.009348,0.0,0.0,0.0,2.993258,1.026243,0.049516,4.443984,0.0,-1.003168,-0.981707,2.127129,327.378,1307.101,SQL
sub_0_aug142,q_synth_005,synthetic,0.0,0.0,1.050262,0.0,0.0,1.032316,1.019811,1.897472,3.64328,0.898942,0.001052,7.108787,478.04548,2.124568,0.926917,0.0,1.055994,1.752834,317.819167,-0.955892,-0.987098,1.147573,425.4,11.219,GRAPH
sub_1_aug143,q_synth_005,synthetic,0.0,1.0625,0.0,1.017335,0.0,1.984889,0.0,0.0,3.9003,3.83573,0.92806,0.0,0.0,0.0,1.046376,0.0,1.013743,4.103135,0.0,-1.031776,-1.041437,2.098089,62.639,126.494,SQL
sub_2_aug144,q_synth_005,synthetic,0.997797,0.0,0.0,0.0,0.0,1.07437,0.0,0.0,4.764201,4.711939,0.670317,0.0,0.0,0.0,2.901717,0.0,0.947068,6.192524,0.0,-1.037991,-0.973034,1.055908,79.222,289.312,SQL
sub_0_aug145,q_synth_006,synthetic,1.841308,0.0,0.0,0.985461,0.0,3.002137,0.0,0.0,3.871364,2.473687,0.033198,0.0,0.0,0.0,1.94202,0.0,0.944405,3.250784,0.0,-1.018556,-0.99928,1.046086,34.517,91.187,SQL
sub_0_aug146,q_synth_007,synthetic,0.981112,0.0,0.0,0.0,1.116185,1.992352,0.0,0.0,5.051002,5.232412,0.864975,0.0,0.0,0.0,3.031336,0.0,0.896795,6.735142,0.0,-0.996666,-0.989471,1.00774,138.425,550.293,SQL
sub_0_aug147,q_synth_008,synthetic,0.0,0.0,0.936312,0.0,0.0,0.955069,1.078321,1.02473,3.740381,0.922104,0.00102,7.652221,490.815658,2.344246,0.977541,0.0,1.089184,1.74696,46.672987,-1.061012,-1.04312,0.981796,253.494,11.103,GRAPH
sub_1_aug148,q_synth_008,synthetic,0.0,1.03827,0.0,0.0,0.0,1.045659,0.0,0.0,4.077418,3.885009,1.041575,0.0,0.0,0.0,2.225932,0.0,1.045514,5.465078,0.0,-1.075532,-1.03709,1.924889,86.854,115.736,SQL
sub_2_aug149,q_synth_008,synthetic,0.0,0.0,0.0,0.866148,0.0,1.003684,0.0,0.0,4.12395,3.752323,1.009772,0.0,0.0,0.0,1.914595,0.0,0.975414,5.13176,0.0,-1.059789,-0.941298,0.904062,27.54,111.083,SQL
sub_0_aug150,q_tpch_001,tpch,1.016112,0.975426,0.0,1.074457,0.0,3.114277,0.0,0.0,4.636704,3.320606,0.037997,0.0,0.0,0.0,1.949777,0.99055,0.047866,5.150078,0.0,-1.0683,-1.090027,2.025246,91.019,269.335,SQL
sub_0_aug151,q_tpch_002,tpch,0.981951,0.994831,0.0,0.967909,0.0,2.974019,0.0,0.0,5.560809,4.441352,0.426692,0.0,0.0,0.0,2.06416,0.0,0.051539,5.9757,0.0,-1.063136,-1.100056,2.026054,857.641,1391.401,SQL
sub_0_aug152,q_tpch_003,tpch,0.0,0.937532,0.0,1.108779,0.0,2.23416,0.0,0.0,3.899145,3.949104,0.994104,0.0,0.0,0.0,2.11418,0.0,0.999846,5.07561,0.0,-0.93198,-0.968691,2.213098,59.491,126.447,SQL
sub_0_aug153,q_tpch_004,tpch,0.0,0.918159,0.0,0.972221,0.0,1.909609,0.0,0.0,4.017794,3.760367,1.030117,0.0,0.0,0.0,1.883101,0.0,0.995283,5.640674,0.0,-0.918082,-1.093927,2.036459,67.378,127.87,SQL
sub_0_aug154,q_tpch_005,tpch,1.041318,0.97533,0.0,0.944881,0.0,3.099298,0.0,0.0,3.874956,2.934409,0.09921,0.0,0.0,0.0,2.233117,0.0,0.954308,3.958406,0.0,-0.974256,-0.963413,1.862129,48.807,109.826,SQL
sub_0_aug155,q_snb_001,snb,0.0,0.0,1.064866,0.0,0.0,0.927094,1.00032,1.969297,3.719106,0.954261,0.000883,6.716273,444.01074,2.397506,2.155042,0.0,1.038773,2.19631,302.327036,-0.99182,-1.069152,0.981252,508.126,10.086,GRAPH
sub_1_aug156,q_snb_001,snb,0.0,1.012234,0.0,0.0,0.0,1.004731,0.0,0.0,4.120731,3.474086,0.958213,0.0,0.0,0.0,2.777906,0.0,0.91806,5.498969,0.0,-0.990879,-0.922169,2.118521,80.18,110.243,SQL
sub_2_aug157,q_snb_001,snb,0.0,0.0,0.0,1.003408,0.0,0.951519,0.0,0.0,4.046713,3.722195,0.940029,0.0,0.0,0.0,1.884959,0.0,1.006093,5.379735,0.0,-0.99737,-0.938779,1.004567,30.437,84.53,SQL
sub_0_aug158,q_snb_002,snb,0.0,0.0,0.978678,0.0,0.0,1.136059,1.091052,2.019691,3.695092,0.830435,0.00102,6.881928,475.857769,2.334125,3.065441,0.0,1.057111,2.262889,327.858109,-1.038527,-0.970844,0.946409,459.512,13.339,GRAPH
sub_1_aug159,q_snb_002,snb,1.035917,1.03571,0.0,0.997806,0.0,2.882787,0.0,0.0,3.513084,2.695044,0.09187,0.0,0.0,0.0,2.002667,0.0,0.977886,3.87222,0.0,-0.95637,-0.993534,2.004759,54.05,116.506,SQL
sub_0_aug160,q_snb_003,snb,0.0,0.0,1.027906,0.0,0.0,1.051823,0.919859,1.035334,3.5068,0.86722,0.001051,7.211911,480.455226,2.317936,2.141298,0.0,0.92296,2.021753,48.912426,-0.898236,-0.948673,1.051921,220.541,7.877,GRAPH
sub_1_aug161,q_snb_003,snb,0.0,0.961933,0.0,0.0,0.0,1.112483,0.0,0.0,3.946472,3.661601,1.117268,0.0,0.0,0.0,2.785964,0.0,0.956565,5.174415,0.0,-1.049021,-0.973639,2.027676,74.431,112.494,SQL
sub_2_aug162,q_snb_003,snb,0.0,0.0,0.0,1.005675,0.0,1.09469,0.0,0.0,3.540529,4.118925,0.958767,0.0,0.0,0.0,2.146216,0.0,1.095261,5.641827,0.0,-1.009526,-1.058163,1.016396,21.7,66.983,SQL
sub_0_aug163,q_snb_004,snb,0.0,0.0,0.997332,0.0,0.0,0.911858,1.036777,2.861598,4.133504,0.946671,0.000986,6.983591,459.360312,2.244491,1.154916,0.0,0.95319,1.760733,2488.820566,-1.019217,-1.031427,0.933545,1542.73,37.467,GRAPH
sub_1_aug164,q_snb_004,snb,0.0,1.059602,0.0,0.0,0.0,1.0356,0.0,0.0,3.946111,3.564659,1.025179,0.0,0.0,0.0,3.042796,0.0,0.983097,4.875264,0.0,-1.002834,-1.043542,2.008003,76.393,95.192,SQL
sub_2_aug165,q_snb_004,snb,0.0,0.0,0.0,1.003167,0.0,0.983092,0.0,0.0,4.025552,3.842786,1.026454,0.0,0.0,0.0,3.06276,0.0,1.050409,4.983297,0.0,-1.017265,-0.9539,1.007677,34.53,98.859,SQL
sub_0_aug166,q_snb_005,snb,0.0,0.0,1.05629,0.0,0.0,1.037262,0.977766,2.088051,3.805882,0.946285,0.001093,7.351461,518.230896,2.118822,1.945163,0.0,0.986683,2.011987,346.49718,-1.018405,-0.944695,1.049238,630.184,13.899,GRAPH
sub_1_aug167,q_snb_005,snb,1.020674,0.0,0.0,0.0,0.0,0.949389,0.0,0.0,3.96104,2.951791,0.101769,0.0,0.0,0.0,1.0015,0.0,1.070017,3.655036,0.0,-1.018335,-0.966647,1.02654,23.723,79.161,SQL
sub_0_aug168,q_synth_001,synthetic,0.0,0.0,1.04263,0.0,0.0,0.985799,0.934265,1.876242,3.77211,0.938872,0.00104,6.338052,477.413077,2.287005,1.895789,0.0,1.109539,2.080175,354.23532,-0.871624,-1.029056,0.98016,456.687,12.052,GRAPH
sub_0_aug169,q_synth_002,synthetic,0.0,0.0,1.074451,0.0,0.0,0.934616,1.003698,1.002311,4.042547,0.921395,0.000954,7.309862,484.649724,2.176314,0.96561,0.0,0.97371,1.65497,51.394524,-1.016192,-1.013892,0.948112,231.019,9.707,GRAPH
sub_1_aug170,q_synth_002,synthetic,0.0,0.0,0.0,0.980273,0.0,1.074248,0.0,0.0,3.999771,3.543724,0.950515,0.0,0.0,0.0,1.03178,0.0,0.975094,4.626925,0.0,-1.043025,-1.066553,1.004764,30.727,99.15,SQL
sub_0_aug171,q_synth_003,synthetic,0.0,0.0,0.980986,0.0,0.0,1.057019,0.996665,2.855224,3.989268,0.963875,0.000963,6.377555,453.864039,2.141984,2.164162,0.0,0.930613,2.019439,2545.97407,-0.956439,-1.025683,0.960847,1231.744,28.182,GRAPH
sub_0_aug172,q_synth_004,synthetic,0.990925,0.987992,0.0,0.0,0.0,2.14964,0.0,0.0,5.136066,2.96198,0.010493,0.0,0.0,0.0,3.15548,0.98866,0.049638,4.567989,0.0,-1.06034,-1.004054,1.885532,181.232,705.474,SQL
sub_0_aug173,q_synth_005,synthetic,0.0,0.0,0.968292,0.0,0.0,0.953055,1.016642,2.018648,3.601117,0.861554,0.001,7.132841,466.679607,2.04357,1.064345,0.0,1.088616,1.894922,349.416726,-0.966401,-1.03271,1.009429,570.985,12.066,GRAPH
sub_1_aug174,q_synth_005,synthetic,0.0,0.943469,0.0,1.006088,0.0,1.857031,0.0,0.0,3.968332,3.787169,1.038353,0.0,0.0,0.0,1.009129,0.0,0.977022,4.959207,0.0,-1.05867,-1.013243,1.946246,68.233,127.676,SQL
sub_2_aug175,q_synth_005,synthetic,1.037199,0.0,0.0,0.0,0.0,0.996224,0.0,0.0,5.245976,5.110636,0.561715,0.0,0.0,0.0,2.861052,0.0,1.005796,6.681973,0.0,-0.971371,-0.934462,0.988919,180.942,647.88,SQL
sub_0_aug176,q_synth_006,synthetic,2.010068,0.0,0.0,0.97501,0.0,2.934649,0.0,0.0,3.695431,2.31024,0.032686,0.0,0.0,0.0,1.934845,0.0,1.001329,3.251871,0.0,-0.978603,-0.991127,1.022311,29.985,74.548,SQL
sub_0_aug177,q_synth_007,synthetic,0.976825,0.0,0.0,0.0,0.974589,2.098236,0.0,0.0,5.136108,5.644717,0.845177,0.0,0.0,0.0,2.962895,0.0,0.943631,6.258629,0.0,-1.0395,-1.024037,1.039142,154.681,630.837,SQL
sub_0_aug178,q_synth_008,synthetic,0.0,0.0,0.942805,0.0,0.0,1.030501,0.927956,0.979724,4.109947,0.923953,0.001014,7.190609,478.391419,2.36915,1.070183,0.0,0.948077,1.749664,50.351739,-0.962518,-0.972097,1.065327,254.273,11.106,GRAPH
sub_1_aug179,q_synth_008,synthetic,0.0,0.97495,0.0,0.0,0.0,0.932514,0.0,0.0,4.100805,3.855364,0.972566,0.0,0.0,0.0,2.003576,0.0,0.978386,5.314132,0.0,-0.955492,-0.984413,2.054087,82.391,98.336,SQL
sub_2_aug180,q_synth_008,synthetic,0.0,0.0,0.0,1.00163,0.0,1.051325,0.0,0.0,3.399928,3.630319,0.998003,0.0,0.0,0.0,1.958652,0.0,0.952474,5.216421,0.0,-1.048919,-0.989132,1.006214,25.378,63.88,SQL
sub_0_aug181,q_tpch_001,tpch,1.002885,0.958541,0.0,0.990342,0.0,3.184041,0.0,0.0,5.31676,3.960115,0.03984,0.0,0.0,0.0,1.829772,0.976677,0.047433,5.3065,0.0,-0.943202,-0.978758,1.914347,303.2,859.718,SQL
sub_0_aug182,q_tpch_002,tpch,1.006422,0.986913,0.0,0.987825,0.0,2.814972,0.0,0.0,5.296155,4.826457,0.472827,0.0,0.0,0.0,1.853837,0.0,0.0451,7.138554,0.0,-1.044003,-0.985621,2.043776,524.268,774.343,SQL
sub_0_aug183,q_tpch_003,tpch,0.0,0.950891,0.0,1.08638,0.0,1.993438,0.0,0.0,3.884335,4.20606,0.960449,0.0,0.0,0.0,1.951236,0.0,0.982724,4.712331,0.0,-0.986208,-0.976347,2.018332,61.177,99.923,SQL
sub_0_aug184,q_tpch_004,tpch,0.0,1.032792,0.0,1.043283,0.0,2.03387,0.0,0.0,3.808975,4.090786,0.965167,0.0,0.0,0.0,2.139636,0.0,0.990352,5.253061,0.0,-0.908672,-1.11324,1.980774,69.247,111.815,SQL
sub_0_aug185,q_tpch_005,tpch,0.979803,1.085369,0.0,0.979659,0.0,3.409353,0.0,0.0,3.560976,2.90542,0.098068,0.0,0.0,0.0,2.050509,0.0,0.971743,3.967533,0.0,-1.091141,-0.994591,1.850208,49.576,89.077,SQL
sub_0_aug186,q_snb_001,snb,0.0,0.0,0.934517,0.0,0.0,1.004344,0.993933,2.102709,3.594668,0.922101,0.001016,6.865595,446.315476,2.287939,2.088399,0.0,0.981312,2.140057,335.505573,-0.91376,-0.99866,0.991223,515.78,11.179,GRAPH
sub_1_aug187,q_snb_001,snb,0.0,0.919459,0.0,0.0,0.0,0.928642,0.0,0.0,3.929023,3.811672,1.014064,0.0,0.0,0.0,2.897304,0.0,0.992478,5.072399,0.0,-0.98524,-1.010908,2.186465,55.264,83.154,SQL
sub_2_aug188,q_snb_001,snb,0.0,0.0,0.0,0.965596,0.0,1.05594,0.0,0.0,3.652238,3.765814,0.957923,0.0,0.0,0.0,2.125964,0.0,1.021849,5.094284,0.0,-0.988277,-1.054218,1.070146,24.544,62.201,SQL
sub_0_aug189,q_snb_002,snb,0.0,0.0,1.069476,0.0,0.0,0.998285,1.000663,2.064914,3.821734,0.894051,0.000975,6.850426,453.931602,2.380848,2.950755,0.0,0.978582,2.158062,314.658906,-0.921991,-0.97457,1.043325,624.638,14.58,GRAPH
sub_1_aug190,q_snb_002,snb,0.973505,1.07286,0.0,1.00726,0.0,3.217895,0.0,0.0,3.852941,2.849142,0.09736,0.0,0.0,0.0,2.007749,0.0,1.011249,4.362019,0.0,-0.923014,-0.995503,2.121904,53.224,109.611,SQL
sub_0_aug191,q_snb_003,snb,0.0,0.0,0.864117,0.0,0.0,0.976485,1.012486,1.044356,3.937083,0.900559,0.000977,6.692229,509.22058,2.425912,2.130778,0.0,1.00053,1.998213,50.15027,-1.001231,-1.006404,0.998757,237.427,12.337,GRAPH
sub_1_aug192,q_snb_003,snb,0.0,0.968352,0.0,0.0,0.0,0.956429,0.0,0.0,3.808789,3.588443,1.029912,0.0,0.0,0.0,3.125783,0.0,0.961523,4.757281,0.0,-0.980321,-0.988078,2.002051,57.02,84.484,SQL
sub_2_aug193,q_snb_003,snb,0.0,0.0,0.0,0.933279,0.0,0.904113,0.0,0.0,4.185467,3.813801,1.02522,0.0,0.0,0.0,1.992925,0.0,1.020677,4.736208,0.0,-1.022285,-1.067768,0.945642,31.942,114.879,SQL
sub_0_aug194,q_snb_004,snb,0.0,0.0,0.964549,0.0,0.0,0.909673,0.97694,2.893367,3.626845,0.897092,0.000999,6.67926,511.778337,2.37951,1.056083,0.0,0.983581,1.834327,2462.037514,-1.050925,-1.03411,1.145761,1468.714,14.226,GRAPH
sub_1_aug195,q_snb_004,snb,0.0,0.979439,0.0,0.0,0.0,1.024343,0.0,0.0,3.814149,4.015792,0.950271,0.0,0.0,0.0,2.849206,0.0,1.056717,5.287645,0.0,-1.123881,-0.998829,1.981803,53.364,80.584,SQL
sub_2_aug196,q_snb_004,snb,0.0,0.0,0.0,1.035533,0.0,1.016053,0.0,0.0,3.921486,3.87238,1.014523,0.0,0.0,0.0,2.827106,0.0,0.959255,5.012552,0.0,-1.067058,-0.960587,1.053879,31.999,99.892,SQL
sub_0_aug197,q_snb_005,snb,0.0,0.0,1.0307,0.0,0.0,0.969938,0.973144,1.956013,4.070059,0.92687,0.001087,6.633041,459.753962,2.152233,1.858276,0.0,0.992237,2.018617,331.44048,-1.076736,-0.990162,0.985807,522.346,16.28,GRAPH
sub_1_aug198,q_snb_005,snb,1.045743,0.0,0.0,0.0,0.0,1.027525,0.0,0.0,3.602647,2.912014,0.097006,0.0,0.0,0.0,1.076625,0.0,0.998521,3.663467,0.0,-1.020327,-1.075045,1.063723,18.551,59.154,SQL
sub_0_aug199,q_synth_001,synthetic,0.0,0.0,1.105968,0.0,0.0,0.91351,0.98741,1.98896,3.740957,0.958067,0.001062,6.885472,513.157311,2.300787,1.97581,0.0,1.01399,1.976495,364.877606,-0.969168,-1.017747,0.990724,576.072,12.228,GRAPH
sub_0_aug200,q_synth_002,synthetic,0.0,0.0,0.954611,0.0,0.0,1.013125,0.935318,1.000158,3.755814,0.928695,0.001052,7.245273,462.150234,2.215522,0.985017,0.0,0.999168,1.798711,47.410643,-1.048364,-0.991329,1.06794,233.776,10.809,GRAPH
sub_1_aug201,q_synth_002,synthetic,0.0,0.0,0.0,1.093616,0.0,1.03966,0.0,0.0,3.66462,4.127062,0.957717,0.0,0.0,0.0,0.961471,0.0,1.021381,4.430139,0.0,-0.959916,-1.002681,1.019956,28.042,71.2,SQL
sub_0_aug202,q_synth_003,synthetic,0.0,0.0,0.958829,0.0,0.0,1.042321,1.025656,2.945501,4.037747,0.782966,0.001018,6.933504,446.516276,2.317376,2.04998,0.0,0.963152,2.040809,2366.357425,-0.980355,-0.938661,0.976803,1918.415,34.487,GRAPH
sub_0_aug203,q_synth_004,synthetic,1.065846,0.934789,0.0,0.0,0.0,2.030078,0.0,0.0,4.731051,3.18778,0.010361,0.0,0.0,0.0,3.303445,1.002468,0.046005,4.790166,0.0,-0.997942,-0.995083,2.091702,81.056,286.871,SQL
sub_0_aug204,q_synth_005,synthetic,0.0,0.0,1.054638,0.0,0.0,0.913394,1.002577,1.99836,3.649332,0.829764,0.000997,6.809353,448.150769,2.281246,0.982449,0.0,1.00088,1.894307,339.650099,-0.905981,-0.937795,1.048379,518.307,12.792,GRAPH
sub_1_aug205,q_synth_005,synthetic,0.0,0.963575,0.0,0.985328,0.0,1.908028,0.0,0.0,3.93569,3.842591,1.022085,0.0,0.0,0.0,1.015126,0.0,1.008392,4.673638,0.0,-1.04865,-1.022084,2.071662,81.148,116.192,SQL
sub_2_aug206,q_synth_005,synthetic,0.991806,0.0,0.0,0.0,0.0,0.996999,0.0,0.0,5.400688,5.1012,0.589438,0.0,0.0,0.0,2.987938,0.0,0.956435,6.342775,0.0,-0.980486,-0.974529,1.083189,286.229,1140.705,SQL
sub_0_aug207,q_synth_006,synthetic,1.949918,0.0,0.0,0.985253,0.0,3.086104,0.0,0.0,4.040967,2.25228,0.034133,0.0,0.0,0.0,2.066548,0.0,0.992482,3.52687,0.0,-0.963368,-0.978641,1.020035,34.52,106.623,SQL
sub_0_aug208,q_synth_007,synthetic,0.96341,0.0,0.0,0.0,0.913885,1.9906,0.0,0.0,5.105932,5.252322,0.874341,0.0,0.0,0.0,3.095205,0.0,1.02048,6.273814,0.0,-0.952749,-1.017146,0.965177,125.781,543.386,SQL
sub_0_aug209,q_synth_008,synthetic,0.0,0.0,1.012543,0.0,0.0,0.999264,0.954747,1.031007,3.853754,0.868853,0.000912,7.119614,467.302303,2.310734,1.068841,0.0,0.875469,1.867303,52.12436,-1.049004,-0.949266,0.959402,208.852,9.33,GRAPH
sub_1_aug210,q_synth_008,synthetic,0.0,0.947875,0.0,0.0,0.0,0.99493,0.0,0.0,4.207846,3.92524,1.002493,0.0,0.0,0.0,2.088568,0.0,0.968875,5.438422,0.0,-0.921469,-0.978539,1.921173,96.545,139.539,SQL
sub_2_aug211,q_synth_008,synthetic,0.0,0.0,0.0,1.053601,0.0,1.014735,0.0,0.0,3.979602,4.074622,1.021822,0.0,0.0,0.0,1.909746,0.0,1.074516,5.130232,0.0,-0.983792,-0.969245,1.015587,30.21,92.963,SQL
sub_0_aug212,q_tpch_001,tpch,1.037397,1.009873,0.0,0.991121,0.0,2.917473,0.0,0.0,5.043761,3.723785,0.041979,0.0,0.0,0.0,1.966311,0.994446,0.047552,5.11527,0.0,-0.967551,-0.901278,1.860694,186.295,513.242,SQL
sub_0_aug213,q_tpch_002,tpch,0.988603,1.028651,0.0,0.915744,0.0,3.261201,0.0,0.0,5.146045,4.641773,0.476608,0.0,0.0,0.0,1.780199,0.0,0.048301,5.738461,0.0,-1.000746,-0.981297,2.079253,333.43,613.475,SQL
sub_0_aug214,q_tpch_003,tpch,0.0,1.020566,0.0,1.104319,0.0,2.006198,0.0,0.0,3.789604,4.091885,0.996735,0.0,0.0,0.0,2.041821,0.0,0.803136,5.174243,0.0,-1.003738,-1.021745,1.934365,60.776,124.078,SQL
sub_0_aug215,q_tpch_004,tpch,0.0,1.045158,0.0,0.897917,0.0,2.314916,0.0,0.0,4.078006,3.926808,1.095019,0.0,0.0,0.0,2.027466,0.0,0.955252,5.319412,0.0,-1.081802,-0.969997,2.11981,104.552,121.561,SQL
sub_0_aug216,q_tpch_005,tpch,1.026748,0.92744,0.0,1.010256,0.0,2.981537,0.0,0.0,3.712439,2.525424,0.094073,0.0,0.0,0.0,1.949927,0.0,1.056278,4.617834,0.0,-0.957161,-1.039413,1.957896,42.1,110.765,SQL
sub_0_aug217,q_snb_001,snb,0.0,0.0,1.054109,0.0,0.0,1.03069,1.019546,2.023809,4.086714,1.004053,0.001,7.026329,476.727749,2.243944,1.780737,0.0,1.024687,1.977774,362.555489,-0.990879,-0.925129,0.957122,617.467,16.646,GRAPH
sub_1_aug218,q_snb_001,snb,0.0,1.05656,0.0,0.0,0.0,0.918418,0.0,0.0,4.036278,3.809784,1.046872,0.0,0.0,0.0,2.946283,0.0,1.034123,5.367254,0.0,-0.980842,-0.977866,2.168044,74.785,124.336,SQL
sub_2_aug219,q_snb_001,snb,0.0,0.0,0.0,0.971935,0.0,1.070171,0.0,0.0,3.787254,4.08819,1.116986,0.0,0.0,0.0,1.920168,0.0,0.892198,5.101001,0.0,-1.034584,-1.026324,0.983537,26.876,71.332,SQL
sub_0_aug220,q_snb_002,snb,0.0,0.0,0.973311,0.0,0.0,1.07155,1.05627,2.11591,4.301243,0.868286,0.000875,7.676293,470.823495,2.290628,2.729563,0.0,0.932415,2.304961,337.72795,-1.107644,-1.047024,1.052457,615.522,24.492,GRAPH
sub_1_aug221,q_snb_002,snb,1.063934,1.010708,0.0,1.1417,0.0,3.154009,0.0,0.0,4.204495,3.045881,0.104156,0.0,0.0,0.0,1.86608,0.0,0.919982,3.908612,0.0,-0.987082,-0.999946,2.03747,72.678,150.595,SQL
sub_0_aug222,q_snb_003,snb,0.0,0.0,0.999,0.0,0.0,1.023888,1.049377,1.000397,3.800002,0.784727,0.001044,6.70144,443.862433,2.396678,2.091844,0.0,1.033998,2.150908,46.127563,-1.01146,-1.0275,1.086492,270.532,9.361,GRAPH
sub_1_aug223,q_snb_003,snb,0.0,1.04319,0.0,0.0,0.0,0.987803,0.0,0.0,4.017731,3.927753,0.994128,0.0,0.0,0.0,3.070032,0.0,1.042529,5.198459,0.0,-1.062524,-0.982271,1.973594,75.679,115.902,SQL
sub_2_aug224,q_snb_003,snb,0.0,0.0,0.0,0.942732,0.0,0.961589,0.0,0.0,3.80743,3.860756,1.028084,0.0,0.0,0.0,1.978752,0.0,1.022495,4.965127,0.0,-0.972717,-0.979846,1.028459,24.656,75.042,SQL
sub_0_aug225,q_snb_004,snb,0.0,0.0,1.071857,0.0,0.0,0.985858,0.920337,2.988319,4.011558,0.904216,0.001016,6.370555,445.606173,2.358895,1.038889,0.0,0.962479,1.788096,2286.968941,-1.057622,-0.99645,1.010852,1857.305,25.871,GRAPH
sub_1_aug226,q_snb_004,snb,0.0,1.019819,0.0,0.0,0.0,1.036502,0.0,0.0,4.178826,4.038415,0.981958,0.0,0.0,0.0,3.140953,0.0,0.926624,5.262032,0.0,-0.947326,-0.966042,2.082824,92.776,137.586,SQL
sub_2_aug227,q_snb_004,snb,0.0,0.0,0.0,1.095502,0.0,0.962963,0.0,0.0,4.008733,3.837526,1.055733,0.0,0.0,0.0,3.017643,0.0,1.039104,5.640591,0.0,-0.968454,-1.010491,0.981616,29.084,91.08,SQL
sub_0_aug228,q_snb_005,snb,0.0,0.0,0.965298,0.0,0.0,1.051906,1.065616,1.975569,3.506716,0.874484,0.001022,6.640986,419.464984,2.24598,1.795981,0.0,1.016272,2.011907,341.187569,-0.935167,-1.045397,0.892605,450.559,11.348,GRAPH
sub_1_aug229,q_snb_005,snb,0.998582,0.0,0.0,0.0,0.0,1.023448,0.0,0.0,3.579937,2.802912,0.098264,0.0,0.0,0.0,1.001391,0.0,0.969225,4.258554,0.0,-1.013122,-0.990674,0.975762,17.999,58.062,SQL
sub_0_aug230,q_synth_001,synthetic,0.0,0.0,0.867845,0.0,0.0,1.069045,0.84216,2.135682,3.60078,0.841729,0.000995,7.736367,472.430766,2.275057,1.923227,0.0,1.032536,2.015087,352.303003,-1.098174,-0.973578,1.0159,625.01,12.693,GRAPH
sub_0_aug231,q_synth_002,synthetic,0.0,0.0,0.931989,0.0,0.0,0.948368,0.992631,0.975675,3.911429,0.838308,0.000956,7.707822,445.41474,2.248084,0.991146,0.0,0.986076,1.861833,47.400891,-0.957254,-1.042773,1.038654,257.1,10.05,GRAPH
sub_1_aug232,q_synth_002,synthetic,0.0,0.0,0.0,0.989296,0.0,0.991262,0.0,0.0,3.838435,3.961594,0.940327,0.0,0.0,0.0,0.951477,0.0,1.101861,4.879065,0.0,-1.018044,-0.967896,0.996993,28.347,75.915,SQL
sub_0_aug233,q_synth_003,synthetic,0.0,0.0,0.88743,0.0,0.0,1.008066,0.993906,3.05237,3.70617,0.893136,0.001057,6.91841,455.026603,2.33895,1.960583,0.0,1.053393,2.035165,2414.350808,-1.035206,-1.06239,1.035965,1845.06,21.622,GRAPH
sub_0_aug234,q_synth_004,synthetic,1.0131,1.031872,0.0,0.0,0.0,2.073668,0.0,0.0,4.795842,3.195405,0.008997,0.0,0.0,0.0,3.077904,0.945719,0.04891,4.721698,0.0,-1.026973,-1.001152,2.122232,101.628,342.432,SQL
sub_0_aug235,q_synth_005,synthetic,0.0,0.0,0.917305,0.0,0.0,1.032182,1.005919,2.094815,3.537074,0.90325,0.001055,7.444722,447.114839,2.264918,1.092071,0.0,0.929009,1.751858,343.180203,-0.991254,-1.046712,1.048224,602.287,9.54,GRAPH
sub_1_aug236,q_synth_005,synthetic,0.0,1.044427,0.0,1.090807,0.0,1.920703,0.0,0.0,3.76266,4.066916,1.090766,0.0,0.0,0.0,0.999501,0.0,0.923599,4.707145,0.0,-0.951764,-0.966095,2.111295,71.957,96.439,SQL
sub_2_aug237,q_synth_005,synthetic,1.096246,0.0,0.0,0.0,0.0,0.978434,0.0,0.0,4.942021,4.680337,0.632457,0.0,0.0,0.0,3.152862,0.0,1.086359,6.429575,0.0,-0.999263,-1.006644,1.061319,107.44,446.41,SQL
sub_0_aug238,q_synth_006,synthetic,1.923799,0.0,0.0,0.994754,0.0,2.988391,0.0,0.0,3.850283,2.589451,0.031528,0.0,0.0,0.0,2.245527,0.0,0.967235,3.430397,0.0,-1.033043,-0.967564,0.999296,35.724,84.624,SQL
sub_0_aug239,q_synth_007,synthetic,1.056061,0.0,0.0,0.0,0.958817,1.832678,0.0,0.0,5.080095,5.206528,0.842285,0.0,0.0,0.0,2.984023,0.0,1.026779,6.252143,0.0,-1.041199,-1.054759,0.992827,138.898,545.164,SQL
sub_0_aug240,q_synth_008,synthetic,0.0,0.0,1.022816,0.0,0.0,1.137378,1.058261,0.936915,3.559261,0.89811,0.001079,7.200031,452.73975,2.412063,1.068868,0.0,1.073087,1.66225,49.864138,-1.064059,-1.040273,0.93607,263.089,7.779,GRAPH
sub_1_aug241,q_synth_008,synthetic,0.0,0.986902,0.0,0.0,0.0,0.928199,0.0,0.0,4.004906,3.853143,0.956777,0.0,0.0,0.0,2.048544,0.0,1.076537,5.146957,0.0,-1.029183,-1.014193,1.989588,76.113,107.25,SQL
sub_2_aug242,q_synth_008,synthetic,0.0,0.0,0.0,0.964923,0.0,0.914414,0.0,0.0,3.782554,4.095086,0.958638,0.0,0.0,0.0,1.806966,0.0,0.995561,5.338569,0.0,-1.086121,-0.990498,1.020572,23.009,84.776,SQL
sub_0_aug243,q_tpch_001,tpch,1.026843,1.027855,0.0,1.030407,0.0,2.762409,0.0,0.0,5.335533,4.038451,0.039557,0.0,0.0,0.0,2.037142,0.949279,0.050907,4.828229,0.0,-0.917526,-1.018997,2.067777,302.451,1094.02,SQL
sub_0_aug244,q_tpch_002,tpch,0.973329,1.093888,0.0,0.901393,0.0,3.055398,0.0,0.0,4.637923,4.542495,0.497545,0.0,0.0,0.0,2.090802,0.0,0.042989,6.035963,0.0,-1.030983,-0.97151,2.185041,147.933,261.297,SQL
sub_0_aug245,q_tpch_003,tpch,0.0,1.032695,0.0,1.021733,0.0,2.050804,0.0,0.0,3.644909,3.990681,1.046055,0.0,0.0,0.0,1.938764,0.0,0.967876,5.426397,0.0,-0.989544,-1.056866,1.957591,51.504,96.1,SQL
sub_0_aug246,q_tpch_004,tpch,0.0,0.977124,0.0,0.996774,0.0,1.992729,0.0,0.0,3.807465,4.178214,1.041614,0.0,0.0,0.0,2.148299,0.0,0.915267,5.087698,0.0,-0.941261,-0.963729,1.932065,61.734,94.797,SQL
sub_0_aug247,q_tpch_005,tpch,0.962202,1.048001,0.0,0.989374,0.0,3.097245,0.0,0.0,3.885711,2.838723,0.100602,0.0,0.0,0.0,1.91704,0.0,1.085059,4.170326,0.0,-0.930033,-1.02646,1.945946,54.314,113.108,SQL
sub_0_aug248,q_snb_001,snb,0.0,0.0,0.984038,0.0,0.0,0.95692,1.033908,2.071251,3.756599,0.888656,0.001019,6.708672,455.48312,2.476247,1.925342,0.0,0.974159,2.310199,303.996932,-1.059219,-0.910135,0.979523,533.635,11.283,GRAPH
sub_1_aug249,q_snb_001,snb,0.0,1.024991,0.0,0.0,0.0,1.105983,0.0,0.0,3.717292,3.741491,1.020539,0.0,0.0,0.0,2.988627,0.0,0.973754,5.200771,0.0,-1.066406,-0.976714,2.083449,57.912,96.098,SQL
sub_2_aug250,q_snb_001,snb,0.0,0.0,0.0,0.991927,0.0,0.988809,0.0,0.0,3.961311,3.75176,0.984593,0.0,0.0,0.0,1.993167,0.0,1.073601,5.04713,0.0,-1.005686,-1.008207,0.98081,30.128,98.838,SQL
sub_0_aug251,q_snb_002,snb,0.0,0.0,0.951754,0.0,0.0,0.954044,1.043018,1.943089,3.873322,0.881584,0.000934,6.808997,497.478848,2.249408,2.898544,0.0,0.978606,2.19061,344.049054,-1.020582,-1.00488,0.975454,506.734,12.24,GRAPH
sub_1_aug252,q_snb_002,snb,1.017875,1.015563,0.0,1.010584,0.0,3.094969,0.0,0.0,3.836386,3.028699,0.102331,0.0,0.0,0.0,2.148784,0.0,0.996014,4.1143,0.0,-1.034109,-0.999219,2.081803,49.751,112.895,SQL
sub_0_aug253,q_snb_003,snb,0.0,0.0,0.981725,0.0,0.0,1.074609,1.001284,1.079159,3.653335,0.890588,0.000975,7.323241,479.928894,2.288247,1.95442,0.0,0.998658,2.12746,50.83598,-1.002981,-1.022354,1.005103,252.16,8.806,GRAPH
sub_1_aug254,q_snb_003,snb,0.0,1.006464,0.0,0.0,0.0,1.012627,0.0,0.0,3.768096,4.19104,0.96856,0.0,0.0,0.0,3.226871,0.0,1.069683,5.483611,0.0,-0.906297,-0.972208,1.968331,53.81,92.203,SQL
sub_2_aug255,q_snb_003,snb,0.0,0.0,0.0,0.973846,0.0,0.966446,0.0,0.0,4.016939,3.570094,0.928882,0.0,0.0,0.0,2.153248,0.0,1.050644,5.164399,0.0,-0.953833,-0.961285,0.990657,32.831,80.148,SQL
sub_0_aug256,q_snb_004,snb,0.0,0.0,0.926568,0.0,0.0,1.064154,1.02231,2.793567,3.88295,0.881925,0.000994,6.856672,477.8156,2.273086,0.942252,0.0,1.03365,1.798525,2202.222966,-0.979544,-0.955619,0.992375,1258.442,19.789,GRAPH
sub_1_aug257,q_snb_004,snb,0.0,1.009384,0.0,0.0,0.0,0.961784,0.0,0.0,3.518147,3.956115,0.995606,0.0,0.0,0.0,3.06444,0.0,0.988261,5.167515,0.0,-0.991885,-1.003166,2.086628,45.93,85.081,SQL
sub_2_aug258,q_snb_004,snb,0.0,0.0,0.0,0.978806,0.0,0.92778,0.0,0.0,3.883301,3.604293,0.873301,0.0,0.0,0.0,2.835483,0.0,0.978071,5.027307,0.0,-1.076833,-1.011232,1.060823,28.016,74.426,SQL
sub_0_aug259,q_snb_005,snb,0.0,0.0,1.041471,0.0,0.0,1.000412,1.046056,1.955961,3.685491,0.933726,0.000946,7.087406,464.403137,2.255361,1.954194,0.0,1.056861,1.889924,344.737679,-1.014428,-1.037071,1.001947,528.373,12.677,GRAPH
sub_1_aug260,q_snb_005,snb,1.01579,0.0,0.0,0.0,0.0,0.997003,0.0,0.0,3.902756,3.057524,0.096996,0.0,0.0,0.0,1.020897,0.0,0.91307,3.843942,0.0,-1.093347,-0.968432,0.976241,22.479,81.813,SQL
sub_0_aug261,q_synth_001,synthetic,0.0,0.0,1.008207,0.0,0.0,0.927226,1.001201,2.082401,3.975011,0.902311,0.001,7.370228,482.111775,2.225268,1.942017,0.0,0.966007,2.049419,320.421738,-1.107919,-1.010915,1.012644,695.168,15.29,GRAPH
sub_0_aug262,q_synth_002,synthetic,0.0,0.0,1.009321,0.0,0.0,1.05425,0.935375,0.974342,3.577454,0.91419,0.000995,6.803395,465.963526,2.215836,0.948899,0.0,1.079025,1.827018,48.347571,-1.077072,-1.010715,1.028713,250.628,9.625,GRAPH
sub_1_aug263,q_synth_002,synthetic,0.0,0.0,0.0,1.008494,0.0,1.050457,0.0,0.0,4.092032,3.83922,0.976596,0.0,0.0,0.0,0.97528,0.0,0.979326,4.973774,0.0,-1.021207,-1.084039,1.023248,27.999,116.106,SQL
sub_0_aug264,q_synth_003,synthetic,0.0,0.0,0.995053,0.0,0.0,0.976641,0.901825,3.175508,3.989759,0.851755,0.001008,6.593252,433.36598,2.055984,2.077933,0.0,1.043996,2.021272,2364.173408,-0.912253,-1.03777,0.940762,1902.186,33.326,GRAPH
sub_0_aug265,q_synth_004,synthetic,1.006377,1.027475,0.0,0.0,0.0,1.970312,0.0,0.0,4.807016,3.054533,0.010343,0.0,0.0,0.0,3.107213,0.916466,0.044872,4.331882,0.0,-1.001272,-0.889659,1.971418,87.441,327.943,SQL
sub_0_aug266,q_synth_005,synthetic,0.0,0.0,1.003105,0.0,0.0,0.960143,1.129266,1.939808,3.756866,0.910144,0.000934,7.252881,464.806328,2.200236,0.97021,0.0,0.905298,1.707101,301.475446,-1.022523,-1.024779,0.970551,500.048,12.319,GRAPH
sub_1_aug267,q_synth_005,synthetic,0.0,0.970857,0.0,0.957901,0.0,2.123403,0.0,0.0,4.132968,3.822832,1.057184,0.0,0.0,0.0,0.984675,0.0,0.984878,4.561367,0.0,-0.965127,-0.969097,1.870953,85.368,133.018,SQL
sub_2_aug268,q_synth_005,synthetic,1.007999,0.0,0.0,0.0,0.0,0.974149,0.0,0.0,4.942673,4.9734,0.57531,0.0,0.0,0.0,2.934909,0.0,1.094476,6.49855,0.0,-1.056779,-0.972331,1.004431,96.337,445.135,SQL
sub_0_aug269,q_synth_006,synthetic,1.967919,0.0,0.0,0.970712,0.0,3.000103,0.0,0.0,3.741319,2.354183,0.03422,0.0,0.0,0.0,2.081571,0.0,0.935177,3.493372,0.0,-0.919654,-0.910173,1.018488,26.656,92.802,SQL
sub_0_aug270,q_synth_007,synthetic,1.080479,0.0,0.0,0.0,1.060409,1.986801,0.0,0.0,4.659444,5.118995,0.85081,0.0,0.0,0.0,3.020456,0.0,1.08731,6.595922,0.0,-1.039258,-1.058467,0.901852,66.287,240.253,SQL
sub_0_aug271,q_synth_008,synthetic,0.0,0.0,0.904699,0.0,0.0,1.081338,1.042798,0.993448,3.826031,0.900743,0.000999,7.456208,474.070371,2.069338,1.053033,0.0,0.903509,1.720214,45.415126,-0.997982,-1.062857,0.931111,230.097,11.415,GRAPH
sub_1_aug272,q_synth_008,synthetic,0.0,0.947673,0.0,0.0,0.0,1.040691,0.0,0.0,3.819716,3.984137,1.068015,0.0,0.0,0.0,2.023834,0.0,1.028505,4.814322,0.0,-1.004228,-1.057442,2.055382,63.051,93.933,SQL
sub_2_aug273,q_synth_008,synthetic,0.0,0.0,0.0,1.045311,0.0,1.048292,0.0,0.0,3.850077,4.028141,0.992733,0.0,0.0,0.0,1.943852,0.0,1.025103,5.243235,0.0,-0.889817,-0.963543,0.944953,23.85,77.847,SQL
sub_0_aug274,q_tpch_001,tpch,0.951094,0.934915,0.0,1.003869,0.0,2.835047,0.0,0.0,5.528671,3.723154,0.041284,0.0,0.0,0.0,2.015169,1.017191,0.045316,4.973933,0.0,-1.021368,-1.005064,2.012469,361.032,1544.266,SQL
sub_0_aug275,q_tpch_002,tpch,1.034074,0.976722,0.0,1.04118,0.0,3.049385,0.0,0.0,5.600214,4.03307,0.439939,0.0,0.0,0.0,2.125858,0.0,0.041768,6.485979,0.0,-0.99589,-1.102111,2.072559,1076.266,1758.804,SQL
sub_0_aug276,q_tpch_003,tpch,0.0,0.947371,0.0,0.954359,0.0,2.146465,0.0,0.0,3.780934,3.670579,1.100398,0.0,0.0,0.0,2.092907,0.0,0.983272,4.85986,0.0,-1.010198,-0.921135,1.901749,72.874,107.615,SQL
sub_0_aug277,q_tpch_004,tpch,0.0,0.936306,0.0,1.063728,0.0,1.971788,0.0,0.0,3.874885,3.956703,0.980496,0.0,0.0,0.0,1.757592,0.0,0.989392,5.373541,0.0,-0.891378,-1.005893,1.997133,70.196,113.44,SQL
sub_0_aug278,q_tpch_005,tpch,1.068273,1.029785,0.0,1.014771,0.0,2.70313,0.0,0.0,3.775257,2.886181,0.09243,0.0,0.0,0.0,1.963395,0.0,1.085426,4.006882,0.0,-1.071718,-1.094355,1.998871,54.899,120.609,SQL
sub_0_aug279,q_snb_001,snb,0.0,0.0,0.971114,0.0,0.0,0.956574,1.011375,2.028481,3.889174,0.918916,0.000939,6.74774,457.416759,2.290841,2.098957,0.0,0.96359,1.973258,365.460156,-0.992077,-1.069902,0.984451,450.733,15.006,GRAPH
sub_1_aug280,q_snb_001,snb,0.0,0.938191,0.0,0.0,0.0,0.943152,0.0,0.0,3.598305,3.702074,1.102986,0.0,0.0,0.0,3.151572,0.0,1.069084,5.520391,0.0,-1.006744,-0.979828,2.010282,51.066,72.129,SQL
sub_2_aug281,q_snb_001,snb,0.0,0.0,0.0,0.946596,0.0,0.941878,0.0,0.0,4.029085,3.620642,1.010046,0.0,0.0,0.0,2.06521,0.0,1.037637,5.152999,0.0,-1.060036,-0.97298,0.993087,27.159,92.47,SQL
sub_0_aug282,q_snb_002,snb,0.0,0.0,0.951122,0.0,0.0,0.900562,1.02256,1.844756,3.526387,0.982016,0.00094,6.824603,466.669206,2.305088,2.847104,0.0,0.964584,2.317632,335.420935,-1.001157,-1.10813,0.971315,464.765,10.683,GRAPH
sub_1_aug283,q_snb_002,snb,1.042871,0.96354,0.0,0.952423,0.0,3.056236,0.0,0.0,3.970926,2.903169,0.097168,0.0,0.0,0.0,2.074963,0.0,1.081448,4.29652,0.0,-1.078167,-0.853525,1.86744,61.779,141.953,SQL
sub_0_aug284,q_snb_003,snb,0.0,0.0,0.938704,0.0,0.0,1.01522,0.995282,1.018068,4.108372,0.945107,0.000955,6.996105,488.510591,2.417951,2.112445,0.0,1.040873,2.125747,47.544003,-1.065909,-0.97888,0.977299,233.767,13.256,GRAPH
sub_1_aug285,q_snb_003,snb,0.0,1.062226,0.0,0.0,0.0,0.956372,0.0,0.0,3.782035,3.772992,1.048349,0.0,0.0,0.0,3.112717,0.0,1.001141,5.312118,0.0,-0.919262,-1.088133,2.074804,59.576,80.394,SQL
sub_2_aug286,q_snb_003,snb,0.0,0.0,0.0,1.053999,0.0,1.060714,0.0,0.0,4.010222,3.706327,0.973048,0.0,0.0,0.0,2.066218,0.0,0.970535,5.009406,0.0,-1.075262,-1.059622,1.017333,29.769,82.623,SQL
sub_0_aug287,q_snb_004,snb,0.0,0.0,0.9787,0.0,0.0,0.962063,0.99061,3.045209,3.805157,0.910883,0.001004,6.883325,464.736086,2.195119,0.97492,0.0,0.908146,1.65347,2230.527461,-1.019944,-0.943484,0.999548,2262.528,26.345,GRAPH
sub_1_aug288,q_snb_004,snb,0.0,1.007523,0.0,0.0,0.0,0.952878,0.0,0.0,3.910867,4.182424,0.995638,0.0,0.0,0.0,2.87629,0.0,0.941706,5.304496,0.0,-1.047065,-0.964331,1.898768,61.815,104.818,SQL
sub_2_aug289,q_snb_004,snb,0.0,0.0,0.0,0.917194,0.0,1.023998,0.0,0.0,3.606124,3.972367,1.051871,0.0,0.0,0.0,2.911078,0.0,1.010415,5.600117,0.0,-1.023242,-0.920077,0.983572,22.815,72.932,SQL
sub_0_aug290,q_snb_005,snb,0.0,0.0,0.953115,0.0,0.0,1.004877,1.011256,2.113436,4.026398,0.919776,0.001033,7.034032,483.41646,2.237449,1.891873,0.0,1.010428,2.329131,353.899665,-1.035001,-0.930304,0.906776,629.422,16.943,GRAPH
sub_1_aug291,q_snb_005,snb,0.987405,0.0,0.0,0.0,0.0,1.019871,0.0,0.0,3.725735,2.770683,0.09915,0.0,0.0,0.0,0.972875,0.0,0.960793,3.554349,0.0,-1.078003,-1.048321,0.994922,16.404,68.243,SQL
sub_0_aug292,q_synth_001,synthetic,0.0,0.0,1.050319,0.0,0.0,0.96683,0.939415,2.160545,3.635127,0.907361,0.000953,6.720406,473.987637,2.349988,2.127101,0.0,1.033438,2.06889,350.78534,-1.051512,-0.939474,1.026633,680.985,11.211,GRAPH
sub_0_aug293,q_synth_002,synthetic,0.0,0.0,1.02449,0.0,0.0,1.029925,0.926014,0.943303,3.88102,0.909635,0.001029,7.008134,460.710085,2.441481,1.017479,0.0,1.037333,1.860807,51.88077,-0.984116,-0.963711,1.0133,244.201,10.798,GRAPH
sub_1_aug294,q_synth_002,synthetic,0.0,0.0,0.0,1.053626,0.0,1.114031,0.0,0.0,3.654089,3.71041,1.079184,0.0,0.0,0.0,1.009307,0.0,0.978505,4.593405,0.0,-0.953129,-0.971982,1.100387,25.689,61.696,SQL
sub_0_aug295,q_synth_003,synthetic,0.0,0.0,0.99544,0.0,0.0,1.045079,1.082694,2.784913,3.652451,0.915346,0.000971,6.824079,449.633562,2.280034,1.909598,0.0,0.936013,2.092618,2386.067853,-0.951056,-0.973903,1.021198,1211.164,14.731,GRAPH
sub_0_aug296,q_synth_004,synthetic,1.037645,0.954257,0.0,0.0,0.0,1.950155,0.0,0.0,5.24723,3.324857,0.010323,0.0,0.0,0.0,2.968203,0.990686,0.04839,4.292872,0.0,-0.957572,-0.961385,2.092904,182.897,843.137,SQL
sub_0_aug297,q_synth_005,synthetic,0.0,0.0,1.049672,0.0,0.0,1.049894,0.905797,2.022527,3.579876,0.860071,0.000993,7.383337,472.699329,2.323604,1.089281,0.0,1.012051,1.672495,316.455308,-1.043647,-0.994405,0.922968,567.141,11.551,GRAPH
sub_1_aug298,q_synth_005,synthetic,0.0,1.021912,0.0,1.015445,0.0,1.927998,0.0,0.0,3.875593,3.955085,0.968403,0.0,0.0,0.0,1.03664,0.0,0.964164,4.898343,0.0,-0.927118,-0.983897,1.872653,73.345,119.032,SQL
sub_2_aug299,q_synth_005,synthetic,1.004436,0.0,0.0,0.0,0.0,1.004053,0.0,0.0,4.953208,4.666198,0.624221,0.0,0.0,0.0,3.130253,0.0,1.040894,6.74157,0.0,-1.002243,-0.901769,0.957692,109.584,439.641,SQL
sub_0_aug300,q_synth_006,synthetic,2.044081,0.0,0.0,0.98792,0.0,3.223711,0.0,0.0,3.861736,2.252201,0.033399,0.0,0.0,0.0,1.8878,0.0,0.956388,3.742834,0.0,-1.001016,-0.95722,0.956318,30.236,90.366,SQL
sub_0_aug301,q_synth_007,synthetic,1.064839,0.0,0.0,0.0,0.991234,1.804263,0.0,0.0,4.94428,4.775924,0.842555,0.0,0.0,0.0,3.076574,0.0,1.018283,6.707362,0.0,-1.036864,-0.973415,0.926596,114.387,448.1,SQL
sub_0_aug302,q_synth_008,synthetic,0.0,0.0,0.975856,0.0,0.0,0.992062,0.971484,1.005023,3.851135,0.924363,0.001015,7.303949,453.834361,2.37185,1.013874,0.0,1.012154,1.767615,43.535427,-0.904126,-1.045766,0.960178,208.641,10.283,GRAPH
sub_1_aug303,q_synth_008,synthetic,0.0,0.983885,0.0,0.0,0.0,0.9345,0.0,0.0,4.192084,3.736056,0.965809,0.0,0.0,0.0,1.917032,0.0,1.021852,5.412701,0.0,-0.986362,-1.03871,2.132278,79.015,110.732,SQL
sub_2_aug304,q_synth_008,synthetic,0.0,0.0,0.0,1.014178,0.0,0.963879,0.0,0.0,3.841636,3.880838,1.011854,0.0,0.0,0.0,2.000162,0.0,1.001196,5.530833,0.0,-0.858315,-0.991349,0.954139,24.79,70.902,SQL
sub_0_aug305,q_tpch_001,tpch,0.947488,1.040657,0.0,0.918797,0.0,2.972729,0.0,0.0,5.278308,3.812543,0.039191,0.0,0.0,0.0,2.183777,1.039813,0.046668,5.177396,0.0,-1.009197,-1.025813,1.959242,270.258,831.589,SQL
sub_0_aug306,q_tpch_002,tpch,1.059126,0.972047,0.0,0.996435,0.0,3.153007,0.0,0.0,5.254799,4.891772,0.439425,0.0,0.0,0.0,2.233085,0.0,0.049749,5.322744,0.0,-0.934791,-1.064303,1.862796,455.708,823.772,SQL
sub_0_aug307,q_tpch_003,tpch,0.0,0.965103,0.0,1.062893,0.0,1.972758,0.0,0.0,3.896122,3.533582,1.053775,0.0,0.0,0.0,1.973276,0.0,0.935536,5.141755,0.0,-0.975506,-0.995749,2.129142,70.384,112.795,SQL
sub_0_aug308,q_tpch_004,tpch,0.0,1.029181,0.0,1.075111,0.0,1.994521,0.0,0.0,3.876639,4.022112,1.057932,0.0,0.0,0.0,1.96669,0.0,1.094292,5.088764,0.0,-0.999758,-0.977908,1.914429,71.728,103.095,SQL
sub_0_aug309,q_tpch_005,tpch,0.9177,1.102788,0.0,1.053213,0.0,2.861407,0.0,0.0,3.881948,2.944544,0.09756,0.0,0.0,0.0,2.143312,0.0,0.975274,4.260482,0.0,-1.031521,-0.974641,2.154986,63.588,136.893,SQL
